-10325.535948576478,16179.523044365258,2.468409049205468,1.4811850024017406e-18,0.0
-10325.614256886707,16179.58549121097,2.468410198690468,2.2953236189334128e-05,0.1
-10325.692565328816,16179.647937867336,2.4684136471464964,4.590650319959137e-05,0.2
-10325.770874034682,16179.710384145012,2.4684193945766406,6.885983184633065e-05,0.30000000000000004
-10325.84918313619,16179.772829854648,2.4684274409860447,9.181325293437495e-05,0.4
-10325.927492765215,16179.835274806903,2.468437786381909,0.0001147667972524454,0.5
-10326.005803053638,16179.89771881243,2.468450430773489,0.0001377204955677936,0.6000000000000001
-10326.08411413334,16179.960161681882,2.4684653741720948,0.00016067437862083342,0.7000000000000001
-10326.162426136198,16180.022603225914,2.468482616591086,0.000183628477119773,0.8
-10326.240739194094,16180.085043255182,2.4685021580458737,0.0002065828217352452,0.9
-10326.319053438907,16180.14748158034,2.4685239985539136,0.00022953744309493843,1.0
-10326.397369002516,16180.209918012039,2.4685481381347056,0.00025249237177822647,1.1
-10326.4756860168,16180.272352360937,2.4685745768097904,0.000275447638310797,1.2000000000000002
-10326.554004613641,16180.334784437686,2.4686033146027437,0.0002984032731592806,1.3
-10326.632324924916,16180.397214052942,2.4686343515391735,0.0003213593067258769,1.4000000000000001
-10326.710647082506,16180.45964101736,2.468667687646716,0.0003443157693429817,1.5
-10326.788971218293,16180.522065141591,2.4687033229550304,0.00036727269126781196,1.6
-10326.86729746415,16180.584486236292,2.468741257495792,0.0003902301026770289,1.7000000000000002
-10326.945625951965,16180.646904112116,2.4687814913026886,0.00041318803366136193,1.8
-10327.023956813611,16180.709318579718,2.4688240244114157,0.00043614651422022916,1.9000000000000001
-10327.102290180972,16180.771729449754,2.468868856859666,0.0004591055742563575,2.0
-10327.180626185924,16180.834136532872,2.468915988687127,0.0004820652435704013,2.1
-10327.25896496035,16180.896539639736,2.468965419935471,0.0005050255518555586,2.2
-10327.337306636126,16180.958938580994,2.46901715064835,0.0005279865286921874,2.3000000000000003
-10327.415651345134,16181.0213331673,2.4690711808713854,0.0005509482035424172,2.4000000000000004
-10327.493999219256,16181.083723209313,2.469127510652163,0.0005739106057447627,2.5
-10327.572350390365,16181.146108517682,2.4691861400402226,0.0005968737645087322,2.6
-10327.650704990347,16181.208488903065,2.4692470690870487,0.0006198377089094357,2.7
-10327.729063151079,16181.270864176115,2.469310297846062,0.0006428024678821902,2.8000000000000003
-10327.807425004441,16181.333234147485,2.4693758263726115,0.0006657680702171235,2.9000000000000004
-10327.88579068231,16181.39559862783,2.469443654723961,0.000688734544553776,3.0
-10327.964160316571,16181.457957427807,2.4695137829592824,0.0007117019193756984,3.1
-10328.0425340391,16181.520310358068,2.4695862111396423,0.0007346702230050492,3.2
-10328.120911981776,16181.582657229266,2.469660939327993,0.0007576394835971897,3.3000000000000003
-10328.199294276483,16181.644997852058,2.4697379675891606,0.0007806097291352739,3.4000000000000004
-10328.277681055095,16181.707332037096,2.469817295989832,0.0008035809874248389,3.5
-10328.356072449496,16181.769659595037,2.469898924598545,0.0008265532860883921,3.6
-10328.434468591562,16181.831980336534,2.4699828534856736,0.000849526652559991,3.7
-10328.512869613174,16181.89429407224,2.4700690827234166,0.0008725011140798301,3.8000000000000003
-10328.591275646215,16181.956600612813,2.470157612385785,0.0008954766976888156,3.9000000000000004
-10328.66968682256,16182.018899768904,2.470248442548587,0.0009184534302231386,4.0
-10328.748103274093,16182.081191351168,2.4703415732894136,0.0009414313383088526,4.1000000000000005
-10328.826525132688,16182.14347517026,2.470437004687627,0.0009644104483564379,4.2
-10328.90495253023,16182.205751036834,2.470534736824344,0.0009873907865553698,4.3
-10328.983385598594,16182.268018761542,2.470634769782421,0.0010103723788686815,4.4
-10329.061824469663,16182.330278155045,2.4707371036464383,0.0010333552510275222,4.5
-10329.140269275318,16182.39252902799,2.4708417385026875,0.0010563394285257152,4.6000000000000005
-10329.218720147433,16182.454771191035,2.4709486744391507,0.0010793249366143098,4.7
-10329.297177217893,16182.517004454832,2.471057911545487,0.0011023118002961311,4.800000000000001
-10329.375640618575,16182.579228630037,2.4711694499130163,0.0011253000443203238,4.9
-10329.45411048136,16182.641443527305,2.4712832896346995,0.0011482896931768994,5.0
-10329.532586938125,16182.703648957291,2.471399430805123,0.00117128077109127,5.1000000000000005
-10329.611070120753,16182.765844730648,2.47151787352048,0.0011942733020187876,5.2
-10329.689560161121,16182.82803065803,2.471638617878552,0.0012172673096392708,5.300000000000001
-10329.76805719111,16182.89020655009,2.471761663978692,0.0012402628173515378,5.4
-10329.8465613426,16182.952372217484,2.471887011921802,0.0012632598482679267,5.5
-10329.92507274747,16183.014527470867,2.472014661810318,0.0012862584252088167,5.6000000000000005
-10330.0035915376,16183.076672120893,2.4721446137481853,0.001309258570697144,5.7
-10330.082117844868,16183.138805978217,2.472276867840844,0.0013322603069529139,5.800000000000001
-10330.160651801156,16183.20092885349,2.4724114241952035,0.0013552636558877094,5.9
-10330.239193538342,16183.26304055737,2.4725482829196244,0.0013782686390991946,6.0
-10330.317743188305,16183.325140900508,2.4726874441238964,0.001401275277865616,6.1000000000000005
-10330.396300882929,16183.38722969356,2.4728289079192183,0.0014242835931402966,6.2
-10330.474866754088,16183.449306747183,2.472972674418173,0.0014472936055461294,6.300000000000001
-10330.553440933667,16183.511371872028,2.4731187437347075,0.0014703053353700636,6.4
-10330.632023553539,16183.57342487875,2.473267115984111,0.0014933188025575892,6.5
-10330.71061474559,16183.635465578005,2.4734177912829884,0.0015163340267072146,6.6000000000000005
-10330.789214641696,16183.697493780444,2.4735707697492413,0.001539351027064943,6.7
-10330.867823373737,16183.759509296726,2.47372605150204,0.0015623698225187418,6.800000000000001
-10330.946441073595,16183.8215119375,2.473883636661803,0.0015853904315930082,6.9
-10331.025067873146,16183.883501513425,2.4740435253501696,0.001608412872443031,7.0
-10331.103703904273,16183.94547783515,2.474205717689977,0.001631437162849452,7.1000000000000005
-10331.182349298853,16184.007440713336,2.474370213805234,0.0016544633202127104,7.2
-10331.26100418877,16184.069389958631,2.474537013821096,0.0016774913615475013,7.300000000000001
-10331.339668705898,16184.131325381695,2.4747061178638377,0.001700521303477209,7.4
-10331.418342982119,16184.193246793178,2.4748775260608293,0.0017235531622283554,7.5
-10331.497027149313,16184.255154003735,2.475051238540507,0.0017465869536250312,7.6000000000000005
-10331.575721339359,16184.317046824022,2.4752272554323476,0.001769622693083327,7.7
-10331.654425684139,16184.378925064693,2.475405576866841,0.0017926603956057567,7.800000000000001
-10331.733140315528,16184.440788536402,2.4755862029754603,0.0018157000757756815,7.9
-10331.811865365411,16184.502637049804,2.475769133890637,0.0018387417477517267,8.0
-10331.890600965662,16184.564470415551,2.4759543697457294,0.0018617854252621956,8.1
-10331.969347248167,16184.626288444299,2.476141910674996,0.0018848311215994712,8.200000000000001
-10332.0481043448,16184.688090946704,2.476331756813564,0.0019078788496144253,8.3
-10332.126872387442,16184.749877733417,2.4765239082974007,0.001930928621710814,8.4
-10332.205651507977,16184.811648615094,2.4767183652632836,0.0019539804498396735,8.5
-10332.284441838277,16184.87340340239,2.4769151278487698,0.001977034345493709,8.6
-10332.36324351023,16184.935141905957,2.477114196192165,0.002000090319701681,8.700000000000001
-10332.442056655707,16184.996863936452,2.4773155704324923,0.0020231483830227786,8.8
-10332.520881406595,16185.058569304529,2.4775192507094603,0.0020462085455410076,8.9
-10332.59971789477,16185.120257820838,2.4777252371634324,0.002069270816859551,9.0
-10332.67856625211,16185.18192929604,2.4779335299353935,0.0020923352060951447,9.1
-10332.757426610502,16185.243583540785,2.4781441291669166,0.002115401721872431,9.200000000000001
-10332.836299101817,16185.30522036573,2.4783570350001316,0.0021384703723183246,9.3
-10332.91518385794,16185.366839581528,2.47857224757769,0.0021615411650563617,9.4
-10332.994081010747,16185.428440998832,2.4787897670427337,0.0021846141072010515,9.5
-10333.07299069212,16185.490024428298,2.4790095935388563,0.002207689205352218,9.600000000000001
-10333.151913033938,16185.55158968058,2.479231727210074,0.0022307664655893465,9.700000000000001
-10333.230848168081,16185.613136566331,2.479456168200786,0.0022538458934659123,9.8
-10333.309796226431,16185.674664896209,2.4796829166557424,0.0022769274940037175,9.9
-10333.388757340861,16185.736174480864,2.4799119727200067,0.0023000112716872216,10.0
-10333.467731643259,16185.797665130953,2.4801433365389203,0.0023230972304578556,10.100000000000001
-10333.546719265496,16185.859136657129,2.4803770082580665,0.0023461853737083522,10.200000000000001
-10333.62572033946,16185.920588870047,2.4806129880232324,0.002369275704277054,10.3
-10333.704734997023,16185.982021580361,2.4808512759803736,0.002392368224442228,10.4
-10333.78376337007,16186.043434598725,2.481091872275574,0.0024154629359163723,10.5
-10333.86280559048,16186.104827735795,2.481334777055012,0.002438559839840523,10.600000000000001
-10333.941861790128,16186.166200802223,2.4815799904649163,0.0024616589367785443,10.700000000000001
-10334.0209321009,16186.227553608667,2.481827512651533,0.0024847602267114373,10.8
-10334.100016654671,16186.288885965778,2.4820773437610826,0.002507863709031622,10.9
-10334.179115583325,16186.350197684209,2.482329483939723,0.0025309693825372325,11.0
-10334.258229018737,16186.411488574618,2.482583933333508,0.0025540772454263963,11.100000000000001
-10334.33735709279,16186.472758447659,2.482840692088347,0.0025771872952915207,11.200000000000001
-10334.41649993736,16186.534007113984,2.4830997603499663,0.0026002995291135667,11.3
-10334.49565768433,16186.59523438425,2.483361138263866,0.0026234139432563296,11.4
-10334.57483046558,16186.656440069108,2.4836248259752804,0.002646530533460701,11.5
-10334.654018412988,16186.717623979213,2.483890823629134,0.0026696492948389498,11.600000000000001
-10334.733221658435,16186.778785925222,2.484159131370002,0.002692770221868974,11.700000000000001
-10334.812440333797,16186.839925717788,2.484429749342066,0.002715893308388569,11.8
-10334.891674570958,16186.901043167565,2.4847026776890724,0.0027390185475896934,11.9
-10334.970924501793,16186.962138085208,2.4849779165542873,0.0027621459320127115,12.0
-10335.050190258185,16187.02321028137,2.485255466080455,0.002785275453540659,12.100000000000001
-10335.129471972017,16187.084259566707,2.485535326409752,0.002808407103393489,12.200000000000001
-10335.208769775161,16187.145285751873,2.485817497683745,0.0028315408721223206,12.3
-10335.288083799502,16187.20628864752,2.486101980043343,0.002854676749603686,12.4
-10335.367414176917,16187.267268064306,2.4863887736287555,0.002877814725033775,12.5
-10335.446761039288,16187.328223812883,2.486677878579444,0.0029009547869226775,12.600000000000001
-10335.526124518492,16187.389155703906,2.4869692950340787,0.0029240969230886244,12.700000000000001
-10335.605504746409,16187.450063548029,2.48726302313049,0.0029472411206522193,12.8
-10335.684901854922,16187.510947155906,2.487559063005622,0.0029703873660306816,12.9
-10335.764315975906,16187.571806338192,2.4878574147954886,0.002993535644932082,13.0
-10335.843747241244,16187.63264090554,2.4881580786351214,0.0030166859423495693,13.100000000000001
-10335.923195782814,16187.693450668607,2.4884610546585244,0.003039838242555607,13.200000000000001
-10336.002661732497,16187.754235438046,2.488766342998626,0.003062992529096207,13.3
-10336.08214522217,16187.81499502451,2.4890739437872305,0.003086148784785149,13.4
-10336.161646383714,16187.875729238656,2.489383857154967,0.0031093069916982214,13.5
-10336.241165349013,16187.936437891136,2.489696083231243,0.0031324671311674414,13.600000000000001
-10336.32070224994,16187.997120792605,2.4900106221441924,0.0031556291837752833,13.700000000000001
-10336.400257218376,16188.057777753718,2.4903274740206265,0.0031787931293489136,13.8
-10336.479830386203,16188.11840858513,2.4906466389859836,0.003201958946954407,13.9
-10336.5594218853,16188.179013097491,2.490968117164277,0.0032251266148909793,14.0
-10336.639031847546,16188.239591101461,2.4912919086780447,0.0032482961106852144,14.100000000000001
-10336.718660404822,16188.300142407692,2.4916180136482984,0.0032714674110852896,14.200000000000001
-10336.798307689003,16188.360666826837,2.4919464321944695,0.003294640492055203,14.3
-10336.877973831974,16188.421164169551,2.492277164434359,0.003317815328769007,14.4
-10336.957658965614,16188.48163424649,2.4926102104840826,0.0033409918956050326,14.5
-10337.0373632218,16188.542076868305,2.492945570458019,0.0033641701661401196,14.600000000000001
-10337.117086732414,16188.602491845655,2.4932832444687554,0.0033873501131438536,14.700000000000001
-10337.196829629333,16188.662878989191,2.493623232627034,0.0034105317085727904,14.8
-10337.27659204444,16188.723238109567,2.493965535041699,0.003433714923564701,14.9
-10337.356374109611,16188.783569017442,2.49431015181964,0.0034568997284328004,15.0
-10337.436175956727,16188.843871523464,2.4946570830657357,0.003480086092659992,15.100000000000001
-10337.515997717672,16188.90414543829,2.495006328882803,0.0035032739848931023,15.200000000000001
-10337.59583952432,16188.964390572575,2.4953578893715367,0.00352646337293713,15.3
-10337.675701508551,16189.024606736974,2.495711764630456,0.0035496542237494944,15.4
-10337.755583802247,16189.084793742139,2.4960679547558464,0.0035728465034342754,15.5
-10337.835486537288,16189.144951398725,2.496426459841704,0.0035960401772364772,15.600000000000001
-10337.915409845551,16189.205079517387,2.496787279979676,0.003619235209536275,15.700000000000001
-10337.995353858916,16189.26517790878,2.4971504152590063,0.003642431563843283,15.8
-10338.075318709267,16189.325246383556,2.497515865766474,0.0036656292027908172,15.9
-10338.155304528476,16189.38528475237,2.4978836315863373,0.003688828088130156,16.0
-10338.23531144843,16189.44529282588,2.498253712800273,0.003712028180724823,16.1
-10338.315339601006,16189.505270414737,2.4986261094873186,0.003735229440544854,16.2
-10338.39538911808,16189.565217329595,2.4990008217238113,0.0037584318266610938,16.3
-10338.475460131538,16189.625133381109,2.49937784958333,0.003781635297239473,16.400000000000002
-10338.555552773254,16189.685018379934,2.499757193136632,0.0038048398095353025,16.5
-10338.635667175113,16189.744872136724,2.5001388524515953,0.0038280453198875747,16.6
-10338.71580346899,16189.804694462133,2.500522827593155,0.0038512517837132705,16.7
-10338.795961786765,16189.864485166814,2.5009091186232433,0.003874459155501678,16.8
-10338.87614226032,16189.924244061423,2.5012977256007276,0.003897667388808689,16.900000000000002
-10338.956345021536,16189.983970956617,2.501688648581347,0.003920876436251153,17.0
-10339.036570202286,16190.043665663045,2.50208188761765,0.003944086249501188,17.1
-10339.116817934457,16190.103327991364,2.502477442758934,0.003967296779280535,17.2
-10339.197088349925,16190.162957752227,2.5028753140511766,0.003990507975354906,17.3
-10339.27738158057,16190.22255475629,2.5032755015369776,0.004013719786528334,17.400000000000002
-10339.357697758272,16190.282118814208,2.5036780052554914,0.00403693216063754,17.5
-10339.43803701491,16190.341649736634,2.5040828252423633,0.004060145044546318,17.6
-10339.518399482366,16190.401147334222,2.5044899615296643,0.0040833583841399105,17.7
-10339.598785292515,16190.460611417628,2.5048994141458265,0.004106572124319403,17.8
-10339.679194577242,16190.520041797503,2.505311183115577,0.004129786208996129,17.900000000000002
-10339.759627468422,16190.579438284505,2.505725268459873,0.004153000581086088,18.0
-10339.840084097936,16190.638800689287,2.5061416701958326,0.004176215182504365,18.1
-10339.920564597667,16190.698128822502,2.506560388336671,0.004199429954159571,18.2
-10340.00106909949,16190.757422494806,2.5069814228916325,0.00422264483594829,18.3
-10340.081597735287,16190.816681516852,2.5074047738659218,0.004245859766749534,18.400000000000002
-10340.162150636937,16190.875905699297,2.507830441260638,0.00426907468441922,18.5
-10340.24272793632,16190.93509485279,2.508258425072705,0.004292289525784654,18.6
-10340.323329765315,16190.99424878799,2.508688725294803,0.004315504226639024,18.7
-10340.403956255803,16191.053367315551,2.509121341915301,0.004338718721735918,18.8
-10340.484607539664,16191.112450246126,2.509556274918185,0.004361932944783834,18.900000000000002
-10340.565283748772,16191.17149739037,2.509993524282991,0.004385146828440739,19.0
-10340.645985015017,16191.230508558938,2.5104330899847325,0.0044083603043086035,19.1
-10340.726711470268,16191.289483562483,2.5108749719938315,0.004431573302927982,19.200000000000003
-10340.807463246412,16191.34842221166,2.511319170276048,0.00445478575377259,19.3
-10340.888240475324,16191.407324317122,2.511765684792407,0.004477997585243905,19.400000000000002
-10340.969043288886,16191.466189689525,2.512214515499129,0.004501208724665779,19.5
-10341.049871818977,16191.525018139522,2.5126656623475583,0.004524419098279082,19.6
-10341.130726197478,16191.58380947777,2.5131191252840877,0.004547628631236331,19.700000000000003
-10341.211606556268,16191.64256351492,2.5135749042500897,0.004570837247596379,19.8
-10341.292513027223,16191.701280061628,2.5140329991818415,0.004594044870319085,19.900000000000002
-10341.373445742229,16191.759958928547,2.5144934100104512,0.004617251421260023,20.0
-10341.45440483316,16191.818599926333,2.514956136661786,0.004640456821165206,20.1
-10341.535390431898,16191.87720286564,2.515421179056397,0.00466366098966582,20.200000000000003
-10341.616402670326,16191.935767557123,2.5158885371094453,0.004686863845272992,20.3
-10341.697441680317,16191.994293811435,2.5163582107306257,0.0047100653053725764,20.400000000000002
-10341.778507593755,16192.05278143923,2.5168301998240947,0.004733265286219942,20.5
-10341.859600542519,16192.111230251163,2.517304504288392,0.004756463702934816,20.6
-10341.94072065849,16192.16964005789,2.517781124016367,0.00477966046949611,20.700000000000003
-10342.021868073542,16192.228010670062,2.5182600588951,0.0048028554987368036,20.8
-10342.103042919562,16192.286341898336,2.51874130880583,0.004826048702338829,20.900000000000002
-10342.184245328423,16192.344633553366,2.519224873623874,0.004849239990827982,21.0
-10342.265475432008,16192.402885445805,2.51971075321855,0.00487242927356887,21.1
-10342.3467333622,16192.461097386307,2.5201989474531032,0.004895616458759861,21.200000000000003
-10342.42801925087,16192.519269185528,2.520689456184624,0.004918801453428082,21.3
-10342.509333229907,16192.577400654121,2.5211822792639706,0.004941984163424427,21.400000000000002
-10342.590675431184,16192.635491602743,2.521677416535694,0.004965164493418593,21.5
-10342.672045986585,16192.693541842045,2.5221748678379545,0.004988342346894153,21.6
-10342.753445027985,16192.751551182684,2.522674633002445,0.005011517626143637,21.700000000000003
-10342.834872687266,16192.809519435312,2.5231767118543105,0.00503469023226366,21.8
-10342.91632909631,16192.867446410584,2.5236811042120695,0.00505786006515007,21.900000000000002
-10342.997814386994,16192.925331919156,2.5241878098875326,0.005081027023493116,22.0
-10343.079328691198,16192.98317577168,2.5246968286857223,0.005104191004772667,22.1
-10343.160872140801,16193.040977778814,2.5252081604047927,0.005127351905253429,22.200000000000003
-10343.242444867685,16193.098737751206,2.5257218048359467,0.005150509619980229,22.3
-10343.324047003727,16193.156455499517,2.526237761763357,0.005173664042773303,22.400000000000002
-10343.405678680807,16193.214130834396,2.526756030964082,0.005196815066223625,22.5
-10343.487340030806,16193.271763566501,2.527276612207985,0.005219962581688267,22.6
-10343.569031185603,16193.329353506486,2.5277995052576507,0.005243106479285796,22.700000000000003
-10343.650752277079,16193.386900465,2.5283247098683037,0.005266246647891691,22.8
-10343.73250343711,16193.444404252705,2.5288522257877246,0.005289382975133822,22.900000000000002
-10343.81428479758,16193.501864680253,2.5293820527561657,0.005312515347387925,23.0
-10343.896096490364,16193.559281558297,2.52991419050627,0.0053356436497731426,23.1
-10343.977938647344,16193.616654697491,2.5304486387629836,0.005358767766147595,23.200000000000003
-10344.059811400402,16193.67398390849,2.530985397243474,0.005381887579103968,23.3
-10344.141714881414,16193.731269001948,2.5315244656570446,0.005405002969965168,23.400000000000002
-10344.223649222264,16193.788509788521,2.532065843705049,0.00542811381877999,23.5
-10344.305614554825,16193.84570607886,2.532609531080808,0.005451220004318839,23.6
-10344.387611010983,16193.902857683623,2.5331555274695208,0.00547432140406948,23.700000000000003
-10344.469638722612,16193.959964413463,2.533703832548181,0.005497417894232836,23.8
-10344.551697821596,16194.017026079033,2.534254445985491,0.005520509349718826,23.900000000000002
-10344.633788439814,16194.074042490989,2.5348073674417746,0.0055435956441422345,24.0
-10344.715910709143,16194.131013459983,2.5353625965688895,0.005566676649818631,24.1
-10344.798064761468,16194.187938796671,2.5359201330101424,0.005589752237760335,24.200000000000003
-10344.880250728662,16194.24481831171,2.5364799764001997,0.005612822277672413,24.3
-10344.96246874261,16194.301651815751,2.5370421263650003,0.005635886637948727,24.400000000000002
-10345.044718935187,16194.358439119447,2.5376065825216685,0.005658945185668035,24.5
-10345.127001438277,16194.415180033457,2.5381733444784254,0.005681997786590111,24.6
-10345.209316383756,16194.471874368432,2.5387424118345,0.005705044305151938,24.700000000000003
-10345.291663903507,16194.528521935026,2.539313784180041,0.005728084604463936,24.8
-10345.374044129407,16194.585122543895,2.5398874610960274,0.005751118546306236,24.900000000000002
-10345.456457193337,16194.641676005693,2.54046344215418,0.005774145991125009,25.0
-10345.538903227176,16194.698182131073,2.54104172691687,0.005797166798028828,25.1
-10345.621382362804,16194.75464073069,2.5416223149370323,0.005820180824785105,25.200000000000003
-10345.703894732102,16194.811051615201,2.542205205758072,0.005843187927816545,25.3
-10345.786440466945,16194.867414595257,2.542790398913776,0.0058661879621976915,25.400000000000002
-10345.869019699217,16194.923729481512,2.543377893928222,0.005889180781651482,25.5
-10345.951632560798,16194.979996084621,2.543967690315689,0.005912166238545885,25.6
-10346.034279183565,16195.036214215243,2.544559787580562,0.005935144183890576,25.700000000000003
-10346.116959699399,16195.092383684025,2.545154185217247,0.005958114467333677,25.8
-10346.199674240177,16195.148504301626,2.5457508827100725,0.00598107693715854,25.900000000000002
-10346.282422937786,16195.204575878699,2.546349879533204,0.0060040314402805975,26.0
-10346.365205924096,16195.260598225897,2.546951175150547,0.006026977822244245,26.1
-10346.448023330991,16195.316571153879,2.5475547690156573,0.006049915927219833,26.200000000000003
-10346.530875290355,16195.372494473293,2.548160660571648,0.00607284559800064,26.3
-10346.61376193406,16195.428367994797,2.548768849251096,0.006095766675999976,26.400000000000002
-10346.696683393991,16195.484191529045,2.5493793344759506,0.00611867900124831,26.5
-10346.779639802025,16195.53996488669,2.549992115657438,0.006141582412390453,26.6
-10346.862631290043,16195.595687878389,2.5506071921959688,0.006164476746682814,26.700000000000003
-10346.945657989923,16195.651360314794,2.551224563481046,0.006187361839990722,26.8
-10347.028720033548,16195.706982006557,2.5518442288911682,0.0062102375267857985,26.900000000000002
-10347.111817552794,16195.76255276434,2.5524661877937374,0.006233103640143401,27.0
-10347.19495067954,16195.81807239879,2.5530904395449645,0.006255960011740127,27.1
-10347.27811954567,16195.873540720564,2.5537169834897737,0.006278806471851377,27.200000000000003
-10347.36132428306,16195.928957540318,2.554345818961709,0.006301642849348998,27.3
-10347.444565023594,16195.984322668703,2.5549769452828395,0.006324468971698987,27.400000000000002
-10347.527841899144,16196.039635916377,2.5556103617636623,0.006347284664959251,27.5
-10347.611155041597,16196.09489709399,2.556246067703009,0.00637008975377745,27.6
-10347.694504582829,16196.150106012201,2.5568840623879505,0.006392884061388903,27.700000000000003
-10347.77789065472,16196.20526248166,2.5575243450936993,0.006415667409614562,27.8
-10347.861313389152,16196.260366313025,2.5581669150835156,0.0064384396188590575,27.900000000000002
-10347.944772918,16196.315417316946,2.5588117716086103,0.006461200508108821,28.0
-10348.028269373148,16196.370415304082,2.5594589139080495,0.006483949894930272,28.1
-10348.111802886473,16196.425360085086,2.560108341208657,0.006506687595468082,28.200000000000003
-10348.195373589859,16196.480251470608,2.560760052724919,0.006529413424443503,28.3
-10348.278981615178,16196.535089271309,2.5614140476588863,0.0065521271951528015,28.400000000000002
-10348.362627094315,16196.58987329784,2.5620703252000783,0.006574828719465719,28.5
-10348.44631015915,16196.644603360855,2.562728884525386,0.006597517807824058,28.6
-10348.53003094156,16196.69927927101,2.563389724798974,0.006620194269240312,28.700000000000003
-10348.613789573426,16196.753900838958,2.564052845172184,0.006642857911296386,28.8
-10348.697586186627,16196.808467875353,2.564718244783437,0.006665508540142399,28.900000000000002
-10348.781420913045,16196.862980190852,2.565385922758136,0.006688145960495561,29.0
-10348.865293884555,16196.917437596105,2.5660558782085685,0.0067107699756391295,29.1
-10348.949205233039,16196.97183990177,2.5667281102338073,0.006733380387421461,29.200000000000003
-10349.033156705027,16197.026184191578,2.5675065165625854,0.009028671719667402,29.3
-10349.117158408804,16197.080453427378,2.568534882217365,0.011537199442524274,29.400000000000002
-10349.201223151305,16197.134626013369,2.5698141404343873,0.014046045261881622,29.5
-10349.285363740792,16197.18868035151,2.5713443212723175,0.016555345074205623,29.6
-10349.36959298553,16197.242594843752,2.5731254625643123,0.019065195019142993,29.700000000000003
-10349.453923693778,16197.296347892057,2.575157607029604,0.02157564435867011,29.8
-10349.538368673804,16197.349917898377,2.5774407989097674,0.02408668833665118,29.900000000000002
-10349.622940733865,16197.403283264666,2.579975080128688,0.026598261021996267,30.0
-10349.707652682233,16197.456422392881,2.582760485975491,0.029110228141834095,30.1
-10349.792517327165,16197.50931368498,2.5857970403101405,0.03162237991476415,30.200000000000003
-10349.877547476925,16197.561935542913,2.5890847502920566,0.03413442389834207,30.3
-10349.962755936753,16197.614266373643,2.592621266259754,0.03602420594710629,30.400000000000002
-10350.04814665558,16197.666299239501,2.5959350492089435,0.030254604290702782,30.5
-10350.133695267192,16197.718074058583,2.5986718971097305,0.02448454227377766,30.6
-10350.219371758543,16197.76964009332,2.600831803753615,0.018714719466027915,30.700000000000003
-10350.30514611659,16197.82104660615,2.602414796862624,0.012945468654159882,30.8
-10350.39098832829,16197.87234285951,2.603420916521028,0.007176842313221953,30.900000000000002
-10350.4768683806,16197.923578115831,2.6038501993709904,0.001408699080340941,31.0
-10350.56275626047,16197.974801637554,2.6037026685703517,-0.004359209829814256,31.1
-10350.648621954864,16198.026062687113,2.6029783295092552,-0.010127154267526492,31.200000000000003
-10350.734435450735,16198.077410526941,2.601677171283366,-0.015895338814400032,31.3
-10350.820166735037,16198.128894419475,2.5997991739235444,-0.02166381643289754,31.400000000000002
-10350.905785794728,16198.180563627153,2.59734432138358,-0.027432402078856402,31.5
-10350.991262616766,16198.232467412407,2.5943126202875217,-0.033200586304477746,31.6
-10351.076567188105,16198.28465503767,2.5907041244347986,-0.03896744895411625,31.700000000000003
-10351.161669495703,16198.337175765386,2.5865189650532607,-0.04473157315716378,31.8
-10351.246539526514,16198.390078857985,2.5817573867760686,-0.050490959951109075,31.900000000000002
-10351.331147267492,16198.443413577901,2.576419789296559,-0.05624294402285667,32.0
-10351.4154627056,16198.497229187575,2.5705067746244685,-0.061984111236378404,32.1
-10351.499455827789,16198.551574949437,2.56401919982589,-0.06771021881766823,32.2
-10351.583101881499,16198.606491322442,2.557383215834104,-0.061666820593628865,32.300000000000004
-10351.66642633082,16198.66193472733,2.551738956107753,-0.051126214479647124,32.4
-10351.74948250269,16198.717814956004,2.547147812166321,-0.04060394901856978,32.5
-10351.832324021469,16198.774041302653,2.5436085766737997,-0.030098248398494523,32.6
-10351.915004511495,16198.830523061462,2.541120230488153,-0.01960532741087504,32.7
-10351.997577597125,16198.887169526617,2.539682059365655,-0.009119917221911439,32.800000000000004
-10352.08009690271,16198.943889992308,2.5392937358146344,0.0013642163986666489,32.9
-10352.1626160526,16199.000593752717,2.539955366448528,0.011853760128468655,33.0
-10352.245188671139,16199.057190102032,2.541667505038472,0.022355342171759218,33.1
-10352.327868382681,16199.113588334441,2.5444311312770784,0.03287501965285923,33.2
-10352.41070881158,16199.169697744126,2.5482475950656336,0.04341776066253023,33.300000000000004
-10352.493763582183,16199.225427625279,2.55311852595447,0.053986917870701506,33.4
-10352.577086318839,16199.280687272083,2.5590457072292185,0.06458369173220316,33.5
-10352.6607306459,16199.335385978724,2.5660309140733055,0.0752065829919607,33.6
-10352.744750187714,16199.389433039392,2.5740757152804763,0.08585083647395383,33.7
-10352.829198568634,16199.442737748272,2.583181238172217,0.09650788104002181,33.800000000000004
-10352.914129413008,16199.495209399547,2.593347896726925,0.10716477413776018,33.9
-10352.999596345186,16199.546757287408,2.6045750834829473,0.1178036634931664,34.0
-10353.08565186698,16199.597292779777,2.6166705333817886,0.11815819917770146,34.1
-10353.172296772305,16199.646822767763,2.6276162210742524,0.10117783878786508,34.2
-10353.25945960369,16199.695487616937,2.6368672588065087,0.08415895603927147,34.300000000000004
-10353.347063527728,16199.743437624145,2.6444219620062817,0.06713745727602655,34.4
-10353.435031711015,16199.790823086256,2.6502806593786725,0.050138307967885896,34.5
-10353.523287320142,16199.837794300118,2.65444503880711,0.03317770676985978,34.6
-10353.611753521705,16199.884501562594,2.6569176392864713,0.016265304458643118,34.7
-10353.700353482303,16199.93109517054,2.6577014901307483,-0.0005935741386682408,34.800000000000004
-10353.789010368524,16199.977725420813,2.6567998969719895,-0.01739572918134097,34.9
-10353.877647346966,16200.02454261027,2.654216373132543,-0.03413791787840839,35.0
-10353.966188445173,16200.071695045803,2.650161545919197,-0.037618680911046,35.1
-10354.054618122922,16200.119191353851,2.6476674587270552,-0.012093343082176902,35.2
-10354.143019937706,16200.166811110657,2.6477319373312733,0.013373318943238136,35.300000000000004
-10354.231486639097,16200.214312646292,2.6503537030397895,0.03885572178724918,35.4
-10354.320110976667,16200.261454290825,2.655536367008291,0.06442439711214196,35.5
-10354.408985699985,16200.307994374327,2.663287928480696,0.09013885226343119,35.6
-10354.498203558625,16200.353691226874,2.6736197811654097,0.11604012007383775,35.7
-10354.58785730216,16200.398303178526,2.6865452064683577,0.14214284229489474,35.800000000000004
-10354.678039680155,16200.441588559364,2.702077326794633,0.16842684264357327,35.9
-10354.768843442185,16200.483305699456,2.72022649411063,0.19482831356100583,36.0
-10354.860361337822,16200.523212928872,2.7409971015772525,0.22123097289540927,36.1
-10354.95268611664,16200.561068577683,2.7643838326670114,0.24745784285667338,36.2
-10355.045910528203,16200.59663097596,2.7903674057801773,0.27326464788791716,36.300000000000004
-10355.140127179948,16200.629658644271,2.8188687138546804,0.2933268037202457,36.4
-10355.23537879093,16200.659976964855,2.8479082942153515,0.287733078534465,36.5
-10355.331585016418,16200.687576253149,2.8764423101665186,0.28249601826128384,36.6
-10355.428646871322,16200.712471806875,2.904503825001397,0.2776411946511479,36.7
-10355.526465370553,16200.734678923756,2.932127487393843,0.2731898744351006,36.800000000000004
-10355.624941529019,16200.754212901515,2.9593492723249097,0.26915975297871847,36.9
-10355.72397636163,16200.771089037871,2.986206265832898,0.2655656413472117,37.0
-10355.8234708833,16200.785322630547,3.012736490471202,0.2624200991397844,37.1
-10355.923326108936,16200.796928977268,3.0389787680310474,0.25973400925877116,37.2
-10356.023443053446,16200.805923375752,3.0649726159298503,0.2575170935494011,37.300000000000004
-10356.123722731742,16200.81232112372,3.090758173631734,0.2557783701179827,37.4
-10356.224067596579,16200.816137539916,3.116376990808945,0.25451696548354374,37.5
-10356.324407064665,16200.81738833722,-3.14132690857621,0.2533275249822997,37.6
-10356.42469450584,16200.816089578657,-3.11597953859086,0.2521065138977845,37.7
-10356.524884122979,16200.812257339414,-3.090764073746754,0.2508644901869403,37.800000000000004
-10356.624930118956,16200.805907694694,-3.06567768851981,0.24961134399665338,37.9
-10356.72478669665,16200.797056719692,-3.040716915425124,0.24835626766795607,38.0
-10356.824408058936,16200.7857204896,-3.0158776966203673,0.24710773475602252,38.1
-10356.923748408692,16200.771915079618,-2.9911554357967574,0.24587348703311263,38.2
-10357.02276194879,16200.75565656494,-2.966545049998284,0.24466052843396469,38.300000000000004
-10357.12140288211,16200.736961020759,-2.9420410210689525,0.2434751249241579,38.400000000000006
-10357.219625411526,16200.715844522278,-2.917637446483878,0.24232280931629657,38.5
-10357.317383738111,16200.692323143629,-2.8933273073630095,0.24148643073571344,38.6
-10357.414619974814,16200.666405869395,-2.8688217513208514,0.24562251943284266,38.7
-10357.511235336453,16200.638077697859,-2.843862110802831,0.25025350906569865,38.800000000000004
-10357.607122396981,16200.607318559518,-2.818407513828595,0.25536580544989357,38.900000000000006
-10357.702173730351,16200.574108384879,-2.792418062898452,0.2609435600104812,39.0
-10357.79628191052,16200.538427104442,-2.7658550307089977,0.266967764705613,39.1
-10357.88933951144,16200.500254648716,-2.7386811140553053,0.27341527930391746,39.2
-10357.981239107063,16200.459570948195,-2.710860749950299,0.28025779762156006,39.300000000000004
-10358.071873271343,16200.416355933385,-2.682360497384326,0.28746076712146434,39.400000000000006
-10358.161134578235,16200.370589534792,-2.6531494870851566,0.2949822860473883,39.5
-10358.248915601693,16200.322251682916,-2.6231999400199357,0.3027720140404227,39.6
-10358.33510891567,16200.271322308263,-2.5924877531088573,0.3107701457620255,39.7
-10358.419607094118,16200.217781341333,-2.5609931490129854,0.31887937502530966,39.800000000000004
-10358.50233369441,16200.161641036286,-2.5300282826751124,0.3004485693077428,39.900000000000006
-10358.583335824993,16200.103042542762,-2.5009282288126657,0.28162960075000293,40.0
-10358.66269138673,16200.042159134799,-2.4737076839483096,0.26264316371150737,40.1
-10358.74047828049,16199.979164086435,-2.4483681401321133,0.24366547432339625,40.2
-10358.816774407136,16199.914230671706,-2.424900794503497,0.22482999586161354,40.300000000000004
-10358.891657667536,16199.847532164653,-2.4032892779270614,0.20623064588275525,40.400000000000006
-10358.965205962553,16199.779241839307,-2.38351214289529,0.18792581504574707,40.5
-10359.037497193056,16199.70953296971,-2.3655450827117654,0.16994267019790663,40.6
-10359.108609259907,16199.638578829894,-2.3493628781621645,0.15228135807006665,40.7
-10359.178620063974,16199.566552693903,-2.3349410849239964,0.13491885362279354,40.800000000000004
-10359.247607506339,16199.493627833259,-2.322256596319287,0.11815150211159096,40.900000000000006
-10359.31565126004,16199.419957023467,-2.3109370660429636,0.10756678974091773,41.0
-10359.382837060637,16199.345622915544,-2.300694585850935,0.09685921174538759,41.1
-10359.449251939168,16199.270693175848,-2.2915364070682793,0.08605664869954473,41.2
-10359.514982926667,16199.19523547075,-2.283468070323954,0.07518220035609653,41.300000000000004
-10359.580117054174,16199.119317466611,-2.276493717152944,0.06425458407853214,41.400000000000006
-10359.644741352728,16199.043006829797,-2.270616370468941,0.05328860058415364,41.5
-10359.708942853362,16198.96637122667,-2.2658381808042636,0.04229564853525656,41.6
-10359.772808587117,16198.889478323601,-2.26216063611148,0.03128427320784614,41.7
-10359.836425585025,16198.81239578695,-2.2595847336214705,0.02026073792269526,41.800000000000004
-10359.899880878129,16198.735191283084,-2.2581111127758593,0.009229609963643704,41.900000000000006
-10359.963261497462,16198.657932478367,-2.257740148624947,-0.001805644786536281,42.0
-10360.026654474064,16198.580687039163,-2.2584720053370715,-0.01284206236596254,42.1
-10360.090146838967,16198.503522631838,-2.2603066496358917,-0.023876579038134074,42.2
-10360.153825623216,16198.426506922757,-2.263243824104105,-0.0349054294407068,42.300000000000004
-10360.217763244214,16198.3496961779,-2.266692626223849,-0.03338281995457577,42.400000000000006
-10360.281962500178,16198.273092351927,-2.2699144097075394,-0.031086238280650498,42.5
-10360.346405479966,16198.196681243711,-2.27290697925523,-0.028790639340396426,42.6
-10360.411074269008,16198.120448649457,-2.2756704079334993,-0.026496249722915265,42.7
-10360.475950952725,16198.044380365354,-2.278204781618719,-0.024203227883671914,42.800000000000004
-10360.54101761654,16197.968462187602,-2.2805101946447333,-0.021911669678333464,42.900000000000006
-10360.606256345874,16197.892679912393,-2.2825867458171882,-0.019621613890831672,43.0
-10360.67164922616,16197.81701933593,-2.2844345347939408,-0.017333047745677226,43.1
-10360.737178342812,16197.741466254398,-2.2860536588304994,-0.015045912397417326,43.2
-10360.802825781258,16197.666006464005,-2.2874442098891548,-0.012760108392698106,43.300000000000004
-10360.868573626922,16197.590625760937,-2.2886062721102696,-0.010475501102690528,43.400000000000006
-10360.934403965226,16197.515309941396,-2.2895399196441297,-0.008191926125645888,43.5
-10361.000298881594,16197.440044801577,-2.290245214841807,-0.005909194661079768,43.6
-10361.06624046145,16197.364816137673,-2.2907222068035824,-0.0036270988585462086,43.7
-10361.13221079022,16197.289609745882,-2.2909709302836876,-0.0013454171451489263,43.800000000000004
-10361.198191953325,16197.214411422401,-2.2909914049503626,0.0009360804631318654,43.900000000000006
-10361.264166039608,16197.139206966136,-2.2907848852671746,0.002978554029980927,44.0
-10361.33011915677,16197.063985362602,-2.290487161718597,0.0029735056186586985,44.1
-10361.396049196183,16196.988744940734,-2.2901899464293556,0.0029684559313945783,44.2
-10361.461956197762,16196.913485733086,-2.289893239484318,0.0029634049770469353,44.300000000000004
-10361.527840201432,16196.838207772205,-2.2895970409677586,0.002958352764442109,44.400000000000006
-10361.593701247111,16196.762911090653,-2.2893013509633624,0.0029532993023744184,44.5
-10361.65953937472,16196.68759572097,-2.2890061695542268,0.0029482445996061894,44.6
-10361.725354624177,16196.612261695718,-2.288711496822863,0.002943188664867772,44.7
-10361.791147035401,16196.536909047443,-2.2884173328512003,0.0029381315068575603,44.800000000000004
-10361.856916648318,16196.4615378087,-2.2881236777205856,0.0029330731342420077,44.900000000000006
-10361.922663502839,16196.38614801204,-2.2878305315117875,0.0029280135556556523,45.0
-10361.988387638892,16196.310739690014,-2.2875378943049967,0.002922952779701134,45.1
-10362.054089096395,16196.235312875178,-2.2872457661798307,0.0029178908149492164,45.2
-10362.119767915266,16196.15986760008,-2.286954147215334,0.00291282766993881,45.300000000000004
-10362.185424135427,16196.084403897274,-2.28666303748998,0.002907763353176991,45.400000000000006
-10362.251057796797,16196.008921799312,-2.2863724370816745,0.0029026978731390243,45.5
-10362.316668939297,16195.933421338746,-2.2860823460677584,0.002897631238268385,45.6
-10362.382257602843,16195.857902548125,-2.2857927645250067,0.002892563456976782,45.7
-10362.447823827359,16195.782365460005,-2.285503692529634,0.0028874945376441805,45.800000000000004
-10362.513367652766,16195.706810106938,-2.285215130157295,0.0028824244886188244,45.900000000000006
-10362.578889118982,16195.631236521473,-2.2849270774830877,0.002877353318217264,46.0
-10362.644388265928,16195.555644736167,-2.2846395345815536,0.0028722810347243753,46.1
-10362.709865133524,16195.480034783564,-2.284352501526682,0.0028672076463933825,46.2
-10362.775319761688,16195.404406696227,-2.2840659783919115,0.0028621331614458916,46.300000000000004
-10362.840752190341,16195.328760506698,-2.283779965250131,0.0028570575880719064,46.400000000000006
-10362.906162459403,16195.253096247536,-2.283494462173683,0.0028519809344298612,46.5
-10362.971550608794,16195.177413951287,-2.2832094692343663,0.002846903208646636,46.6
-10363.036916678437,16195.101713650509,-2.282924986503436,0.0028418244188175936,46.7
-10363.102260708247,16195.02599537775,-2.2826410140516082,0.0028367445730066027,46.800000000000004
-10363.16758273815,16194.950259165562,-2.28235755194906,0.002831663679246059,46.900000000000006
-10363.232882808059,16194.8745050465,-2.282074600265433,0.0028265817455369207,47.0
-10363.298160957898,16194.798733053114,-2.281792159069835,0.0028214987798487294,47.1
-10363.363417227587,16194.722943217957,-2.2815102284308413,0.0028164147901196387,47.2
-10363.428651657046,16194.64713557358,-2.2812288084164987,0.002811329784256447,47.300000000000004
-10363.493864286196,16194.571310152538,-2.2809478990943255,0.0028062437701346175,47.400000000000006
-10363.559055154956,16194.495466987379,-2.2806675005313153,0.002801156755598315,47.5
-10363.624224303243,16194.419606110658,-2.280387612793938,0.0027960687484604313,47.6
-10363.68937177098,16194.343727554924,-2.280108235948143,0.0027909797565026095,47.7
-10363.754497598089,16194.267831352732,-2.27982937005936,0.0027858897874752835,47.800000000000004
-10363.819601824485,16194.191917536631,-2.279551015192502,0.0027807988490977003,47.900000000000006
-10363.884684490095,16194.115986139177,-2.2792731714119676,0.0027757069490579552,48.0
-10363.94974563483,16194.04003719292,-2.2789958387816416,0.0027706140950130146,48.1
-10364.01478529862,16193.964070730412,-2.278719017364899,0.002765520294588753,48.2
-10364.079803521376,16193.888086784207,-2.2784427072246065,0.0027604255553799863,48.300000000000004
-10364.144800343023,16193.812085386853,-2.278166908423124,0.002755329884950498,48.400000000000006
-10364.209775803482,16193.736066570906,-2.2778916210223072,0.0027502332908330668,48.5
-10364.274729942665,16193.660030368914,-2.2776168450835095,0.002745135780529512,48.6
-10364.339662800503,16193.583976813432,-2.2773425806675833,0.002740037361510712,48.7
-10364.40457441691,16193.507905937013,-2.2770688278348854,0.002734938041216645,48.800000000000004
-10364.469464831805,16193.431817772207,-2.2767955866452736,0.00272983782705642,48.900000000000006
-10364.534334085114,16193.355712351567,-2.2765228571581138,0.002724736726408308,49.0
-10364.59918221675,16193.279589707643,-2.2762506394322797,0.002719634746619776,49.1
-10364.664009266638,16193.20344987299,-2.275978933526155,0.0027145318950075226,49.2
-10364.728815274693,16193.127292880159,-2.2757077394976353,0.0027094281788575102,49.300000000000004
-10364.79360028084,16193.051118761701,-2.2754370574041323,0.0027043236054249994,49.400000000000006
-10364.858364324999,16192.97492755017,-2.2751668873025714,0.0026992181819345835,49.5
-10364.923107447086,16192.898719278119,-2.2748972292493996,0.0026941119155802244,49.6
-10364.987829687027,16192.822493978094,-2.2746280833005823,0.0026890048135252867,49.7
-10365.052531084733,16192.746251682654,-2.274359449511609,0.002683896882902571,49.800000000000004
-10365.117211680132,16192.669992424346,-2.274091327937492,0.0026787881308143564,49.900000000000006
-10365.18187151314,16192.593716235728,-2.273823718632773,0.002673678564332425,50.0
-10365.24651062368,16192.517423149344,-2.2735566216515206,0.0026685681904981113,50.1
-10365.31112905167,16192.44111319775,-2.273290037047335,0.002663457016322326,50.2
-10365.37572683703,16192.364786413502,-2.2730239648733486,0.002658345048785604,50.300000000000004
-10365.44030401968,16192.288442829145,-2.2727584051822296,0.0026532322948381315,50.400000000000006
-10365.504860639541,16192.212082477237,-2.2724933580261832,0.0026481187613997914,50.5
-10365.569396736533,16192.135705390327,-2.2722288234569534,0.002643004455360192,50.6
-10365.633912350573,16192.059311600968,-2.271964801525825,0.0026378893835787153,50.7
-10365.698407521586,16191.982901141711,-2.2717012922836264,0.0026327735528845473,50.800000000000004
-10365.76288228949,16191.90647404511,-2.271438295780731,0.002627656970076717,50.900000000000006
-10365.827336694201,16191.830030343715,-2.271175812067059,0.002622539641924138,51.0
-10365.891770775646,16191.75357007008,-2.27091384119208,0.0026174215751656434,51.1
-10365.956184573743,16191.677093256754,-2.2706523832048155,0.0026123027765100303,51.2
-10366.020578128408,16191.600599936291,-2.2703914381538395,0.002607183252636091,51.300000000000004
-10366.084951479561,16191.524090141245,-2.270131006087281,0.0026020630101926626,51.400000000000006
-10366.149304667128,16191.447563904165,-2.269871087052827,0.0025969420557986544,51.5
-10366.213637731025,16191.371021257604,-2.269611681097723,0.0025918203960431014,51.6
-10366.277950711174,16191.294462234115,-2.2693527882687765,0.002586698037485194,51.7
-10366.342243647494,16191.217886866249,-2.2690944086123586,0.002581574986654322,51.800000000000004
-10366.406516579902,16191.141295186557,-2.268836542174404,0.002576451250050117,51.900000000000006
-10366.470769548321,16191.064687227594,-2.2685791890004166,0.002571326834142492,52.0
-10366.535002592671,16190.98806302191,-2.268322349135468,0.0025662017453716808,52.1
-10366.599215752874,16190.91142260206,-2.268066022624202,0.002561075990148281,52.2
-10366.66340906885,16190.83476600059,-2.267810209510836,0.0025559495748532974,52.300000000000004
-10366.727582580512,16190.758093250055,-2.267554909839162,0.0025508225058381824,52.400000000000006
-10366.791736327787,16190.681404383013,-2.2673001236525483,0.0025456947894248747,52.5
-10366.855870350593,16190.604699432006,-2.267045850993944,0.0025405664319058463,52.6
-10366.91998468885,16190.527978429593,-2.2667920919058795,0.002535437439544143,52.7
-10366.984079382475,16190.451241408322,-2.2665388464304668,0.0025303078185734294,52.800000000000004
-10367.048154471395,16190.37448840075,-2.2662861146094033,0.002525177575198028,52.900000000000006
-10367.112209995525,16190.297719439423,-2.2660338964839752,0.0025200467155929644,53.0
-10367.176245994788,16190.220934556899,-2.265782192095056,0.0025149152459040115,53.1
-10367.240262509098,16190.144133785725,-2.2655310014831107,0.002509783172247732,53.2
-10367.304259578383,16190.067317158455,-2.2652803246881974,0.002504650500711522,53.300000000000004
-10367.368237242557,16189.990484707641,-2.265030161749969,0.002499517237353659,53.400000000000006
-10367.43219554154,16189.913636465837,-2.2647805127076754,0.002494383388203338,53.5
-10367.496134515257,16189.836772465593,-2.264531377600165,0.002489248959260723,53.6
-10367.560054203625,16189.75989273946,-2.2642827564658883,0.00248411395649699,53.7
-10367.623954646566,16189.682997319995,-2.264034649342896,0.0024789783858543725,53.800000000000004
-10367.687835883997,16189.606086239743,-2.2637870562688454,0.0024738422532462013,53.900000000000006
-10367.751697955837,16189.529159531263,-2.263539977281,0.0024687055645569596,54.0
-10367.815540902011,16189.4522172271,-2.2632934124162314,0.002463568325642318,54.1
-10367.879364762433,16189.375259359813,-2.2630473617110214,0.0024584305423291887,54.2
-10367.94316957703,16189.298285961948,-2.262801825201466,0.0024532922204157674,54.300000000000004
-10368.006955385717,16189.22129706606,-2.2625568029232723,0.002448153365671576,54.400000000000006
-10368.070722228416,16189.144292704701,-2.262312294911767,0.0024430139838375205,54.5
-10368.134470145047,16189.067272910424,-2.2620683012018925,0.0024378740806259213,54.6
-10368.19819917553,16188.990237715781,-2.2618248218282124,0.002432733661720575,54.7
-10368.261909359782,16188.91318715332,-2.2615818568249115,0.0024275927327767916,54.800000000000004
-10368.325600737726,16188.836121255601,-2.261339406225799,0.0024224512994214463,54.900000000000006
-10368.389273349281,16188.759040055167,-2.26109747006431,0.0024173093672530226,55.0
-10368.452927234368,16188.681943584577,-2.260856048373507,0.002412166941841666,55.1
-10368.51656243291,16188.604831876379,-2.260615141186081,0.0024070240287292263,55.2
-10368.580178984821,16188.527704963128,-2.2603747485343564,0.002401880633429306,55.300000000000004
-10368.643776930023,16188.450562877371,-2.2601348704502895,0.002396736761427311,55.400000000000006
-10368.707356308438,16188.373405651666,-2.2598955069654725,0.0023915924181804973,55.5
-10368.770917159985,16188.296233318562,-2.259656658111134,0.0023864476091180194,55.6
-10368.834459524582,16188.219045910611,-2.2594183239181422,0.002381302339640977,55.7
-10368.89798344215,16188.141843460366,-2.2591805044170057,0.0023761566151224702,55.800000000000004
-10368.961488952611,16188.06462600038,-2.2589431996378764,0.002371010440907638,55.900000000000006
-10369.024976095885,16187.987393563204,-2.2587064096105505,0.0023658638223137164,56.0
-10369.088444911891,16187.910146181388,-2.2584701343644698,0.002360716764630085,56.1
-10369.151895440547,16187.832883887488,-2.2582343739287256,0.0023555692731183145,56.2
-10369.215327721777,16187.75560671405,-2.257999128332059,0.002350421353012218,56.300000000000004
-10369.278741795495,16187.678314693636,-2.257764397602863,0.0023452730095179005,56.400000000000006
-10369.342137701628,16187.601007858788,-2.2575301817691846,0.0023401242478138106,56.5
-10369.405515480094,16187.52368624206,-2.257296480858726,0.002334975073050785,56.6
-10369.46887517081,16187.446349876012,-2.2570632948988476,0.0023298254903521064,56.7
-10369.532216813699,16187.368998793187,-2.256830623916569,0.002324675504813549,56.800000000000004
-10369.59554044868,16187.291633026141,-2.2565984679385713,0.0023195251215034286,56.900000000000006
-10369.658846115673,16187.214252607426,-2.2563668269911976,0.0023143743454626577,57.0
-10369.722133854597,16187.136857569592,-2.2561357011004572,0.0023092231817047914,57.1
-10369.785403705371,16187.059447945194,-2.2559050902920257,0.002304071635216083,57.2
-10369.848655707923,16186.982023766785,-2.255674994591247,0.002298919710955532,57.300000000000004
-10369.911889902163,16186.90458506691,-2.2554454140231353,0.0022937674138549364,57.400000000000006
-10369.975106328018,16186.827131878126,-2.2552163486123775,0.002288614748818945,57.5
-10370.038305025402,16186.749664232986,-2.254987798383334,0.002283461720725106,57.6
-10370.10148603424,16186.67218216404,-2.2547597633600414,0.002278308334423926,57.7
-10370.164649394448,16186.594685703845,-2.2545322435662136,0.0022731545947389147,57.800000000000004
-10370.227795145951,16186.517174884944,-2.2543052390252436,0.00226800050646664,57.900000000000006
-10370.290923328666,16186.439649739898,-2.2540787497602066,0.00226284607437678,58.0
-10370.354033982512,16186.362110301252,-2.2538527757938596,0.0022576913032121755,58.1
-10370.417127147412,16186.284556601562,-2.253627317148646,0.002252536197688883,58.2
-10370.480202863284,16186.206988673379,-2.2534023738466935,0.0022473807624962244,58.300000000000004
-10370.543261170049,16186.129406549257,-2.2531779459098202,0.002242225002296849,58.400000000000006
-10370.606302107624,16186.051810261744,-2.2529540333595337,0.0022370689217267726,58.5
-10370.669325715931,16185.974199843396,-2.252730636217033,0.0022319125253954433,58.6
-10370.732332034893,16185.89657532676,-2.252507754503211,0.002226755817885785,58.7
-10370.795321104428,16185.818936744396,-2.252285388238657,0.0022215988037542606,58.800000000000004
-10370.858292964454,16185.741284128848,-2.252063537443656,0.0022164414875309162,58.900000000000006
-10370.921247654895,16185.663617512673,-2.2518422021381928,0.0022112838737194415,59.0
-10370.984185215666,16185.585936928423,-2.2516213823419533,0.0022061259667972197,59.1
-10371.047105686688,16185.508242408647,-2.251401078074325,0.0022009677712153835,59.2
-10371.110009107886,16185.430533985902,-2.2511812893544008,0.0021958092913988677,59.300000000000004
-10371.172895519174,16185.352811692732,-2.2509620162009787,0.0021906505317464656,59.400000000000006
-10371.235764960476,16185.275075561698,-2.2507432586325637,0.0021854914966308826,59.5
-10371.298617471712,16185.197325625346,-2.250525016667372,0.0021803321903987884,59.6
-10371.361453092799,16185.119561916228,-2.25030729032333,0.0021751726173708736,59.7
-10371.42427186366,16185.041784466901,-2.2500900796180776,0.0021700127818419053,59.800000000000004
-10371.487073824212,16184.963993309913,-2.2498733845689687,0.0021648526880807804,59.900000000000006
-10371.549859014378,16184.886188477818,-2.249657205193073,0.002159692340330582,60.0
-10371.612627474076,16184.808370003168,-2.2494415415071813,0.00215453174280863,60.1
-10371.675379243228,16184.730537918515,-2.2492263935278003,0.0021493708997065456,60.2
-10371.738114361753,16184.652692256404,-2.2490117612711606,0.002144209815190296,60.300000000000004
-10371.80083286957,16184.574833049403,-2.2487976447532154,0.002139048493400258,60.400000000000006
-10371.863534806602,16184.496960330047,-2.248584043989643,0.0021338869384512683,60.5
-10371.926220212763,16184.4190741309,-2.248370958995849,0.0021287251544326816,60.6
-10371.988889127979,16184.341174484505,-2.2481583897869655,0.0021235631454084285,60.7
-10372.051541592167,16184.26326142342,-2.247946336377857,0.0021184009154170654,60.800000000000004
-10372.114177645251,16184.1853349802,-2.2477347987831173,0.002113238468471837,60.900000000000006
-10372.176797327147,16184.107395187388,-2.2475237770170753,0.0021080758085607284,61.0
-10372.239400677776,16184.029442077544,-2.247313271093795,0.0021029129396465235,61.1
-10372.301987737057,16183.951475683216,-2.2471032810270763,0.002097749865666859,61.2
-10372.36455854491,16183.873496036957,-2.2468938068304585,0.002092586590534282,61.300000000000004
-10372.427113141257,16183.795503171317,-2.2466848485172197,0.00208742311813631,61.400000000000006
-10372.489651566018,16183.717497118854,-2.246476406100381,0.0020822594523354806,61.5
-10372.552173859112,16183.639477912113,-2.2462684795927066,0.002077095596969416,61.6
-10372.61468006046,16183.561445583651,-2.2460610690067058,0.0020719315558508722,61.7
-10372.677170209981,16183.483400166017,-2.2458541743546343,0.0020667673327678035,61.800000000000004
-10372.739644347595,16183.405341691765,-2.2456477956484973,0.002061602931483412,61.900000000000006
-10372.802102513222,16183.327270193447,-2.245441932900049,0.0020564383557362138,62.0
-10372.864544746782,16183.249185703613,-2.245236586120795,0.0020512736092400856,62.1
-10372.926971088196,16183.171088254818,-2.2450317553219956,0.0020461086956843322,62.2
-10372.989381577383,16183.09297787961,-2.244827440514665,0.002040943618733736,62.300000000000004
-10373.051776254264,16183.014854610548,-2.244623641709575,0.002035778382028622,62.400000000000006
-10373.114155158759,16182.936718480176,-2.2444203589172544,0.0020306129891849095,62.5
-10373.176518330787,16182.858569521051,-2.2442175921479928,0.0020254474437941703,62.6
-10373.238865810265,16182.780407765724,-2.244015341411841,0.002020281749423691,62.7
-10373.30119763712,16182.702233246748,-2.243813606718613,0.0020151159096165275,62.800000000000004
-10373.363513851267,16182.624045996672,-2.2436123880778873,0.0020099499278915622,62.900000000000006
-10373.42581449263,16182.54584604805,-2.243411685499009,0.0020047838077435665,63.0
-10373.488099601125,16182.467633433434,-2.243211498991091,0.0019996175526432523,63.1
-10373.550369216675,16182.389408185376,-2.2430118285630156,0.0019944511660373375,63.2
-10373.612623379197,16182.31117033643,-2.2428126742234364,0.0019892846513486,63.300000000000004
-10373.674862128611,16182.232919919144,-2.2426140359807802,0.001984118011975937,63.400000000000006
-10373.737085504841,16182.154656966075,-2.242415913843247,0.0019789512512944254,63.5
-10373.799293547803,16182.076381509769,-2.242218307818814,0.0019737843726553763,63.6
-10373.861486297423,16181.998093582784,-2.2420212179152346,0.001968617379386398,63.7
-10373.923663793612,16181.919793217668,-2.241824644140042,0.001963450274791453,63.800000000000004
-10373.9858260763,16181.841480446978,-2.24162858650055,0.0019582830621509163,63.900000000000006
-10374.047973185396,16181.763155303257,-2.241433045003854,0.001953115744721637,64.0
-10374.11010516083,16181.684817819065,-2.241238019656835,0.0019479483257369918,64.10000000000001
-10374.172222042513,16181.606468026952,-2.241043510466157,0.0019427808084069532,64.2
-10374.234323870374,16181.528105959469,-2.2408495174382717,0.0019376131959181397,64.3
-10374.296410684328,16181.449731649172,-2.2406560405794194,0.0019324454914338765,64.4
-10374.358482524294,16181.371345128608,-2.2404630798956315,0.001927277698094264,64.5
-10374.420539430197,16181.29294643033,-2.2402706353927284,0.0019221098190162229,64.60000000000001
-10374.482581441953,16181.21453558689,-2.2400787070763264,0.0019169418572935672,64.7
-10374.544608599483,16181.136112630846,-2.239887294951834,0.0019117738159970534,64.8
-10374.606620942706,16181.05767759474,-2.2396963990244574,0.0019066056981744451,64.9
-10374.668618511543,16180.979230511131,-2.2395060192991996,0.0019014375068505754,65.0
-10374.730601345915,16180.90077141257,-2.2393161557808634,0.0018962692450273993,65.10000000000001
-10374.79256948574,16180.822300331605,-2.239126808474052,0.001891100915684059,65.2
-10374.854522970942,16180.743817300794,-2.238937977383171,0.001885932521776945,65.3
-10374.916461841436,16180.665322352686,-2.2387496625124292,0.0018807640662397468,65.4
-10374.978386137145,16180.586815519837,-2.2385618638658418,0.0018755955519835282,65.5
-10375.040295897987,16180.508296834789,-2.23837458144723,0.0018704269818967728,65.60000000000001
-10375.102191163884,16180.429766330106,-2.2381878152602224,0.0018652583588454525,65.7
-10375.164071974756,16180.351224038332,-2.2380015653082594,0.0018600896856730863,65.8
-10375.225938370519,16180.272669992022,-2.237815831594591,0.0018549209652007975,65.9
-10375.2877903911,16180.194104223727,-2.2376306141222813,0.0018497522002273784,66.0
-10375.349628076412,16180.115526766001,-2.2374459128942066,0.0018445833935293472,66.10000000000001
-10375.411451466383,16180.036937651397,-2.237261727913061,0.001839414547861013,66.2
-10375.473260600924,16179.958336912461,-2.237078059181355,0.0018342456659545302,66.3
-10375.53505551996,16179.879724581751,-2.2368949067014174,0.0018290767505199641,66.4
-10375.596836263412,16179.801100691817,-2.2367122704753974,0.0018239078042453483,66.5
-10375.658602871199,16179.722465275212,-2.2365301505052666,0.001818738829796748,66.60000000000001
-10375.720355383239,16179.643818364484,-2.236348546792818,0.0018135698298183207,66.7
-10375.782093839454,16179.565159992193,-2.2361674593396703,0.001808400806932374,66.8
-10375.843818279764,16179.486490190882,-2.235986888147268,0.0018032317637394297,66.9
-10375.905528744086,16179.40780899311,-2.2358068332168832,0.0017980627028182832,67.0
-10375.967225272345,16179.329116431425,-2.235627294549616,0.0017928936267260648,67.10000000000001
-10376.028907904458,16179.25041253838,-2.2354482721463977,0.0017877245379983016,67.2
-10376.090576680346,16179.17169734653,-2.235269766007991,0.001782555439148977,67.3
-10376.15223163993,16179.092970888421,-2.2350917761349915,0.001777386332670592,67.4
-10376.213872823126,16179.014233196613,-2.2349143025278297,0.0017722172210342293,67.5
-10376.275500269858,16178.93548430365,-2.2347373451867725,0.0017670481066896092,67.60000000000001
-10376.337114020043,16178.856724242092,-2.234560904111924,0.0017618789920651585,67.7
-10376.398714113604,16178.777953044482,-2.234384979303226,0.0017567098795680614,67.8
-10376.460300590461,16178.699170743383,-2.234209570760463,0.0017515407715843314,67.9
-10376.521873490532,16178.620377371335,-2.234034678483258,0.0017463716704788673,68.0
-10376.583432853737,16178.541572960898,-2.23386030247108,0.001741202578595514,68.10000000000001
-10376.644978719998,16178.462757544623,-2.2336864427232412,0.0017360334982571273,68.2
-10376.706511129234,16178.383931155058,-2.2335130992388996,0.0017308644317656325,68.3
-10376.768030121362,16178.305093824762,-2.2333402720170605,0.001725695381402088,68.4
-10376.829535736308,16178.226245586282,-2.233167961056578,0.0017205263494267456,68.5
-10376.891028013988,16178.147386472174,-2.232996166356157,0.0017153573380791131,68.60000000000001
-10376.952506994325,16178.06851651498,-2.232824887914352,0.001710188349578017,68.7
-10377.013972717234,16177.989635747268,-2.2326541257295722,0.0017050193861216601,68.8
-10377.07542522264,16177.910744201576,-2.2324838798000792,0.0016998504498876871,68.9
-10377.13686455046,16177.831841910465,-2.232314150123992,0.0016946815430332488,69.0
-10377.198290740613,16177.75292890648,-2.232144936699285,0.0016895126676950555,69.10000000000001
-10377.259703833024,16177.67400522218,-2.2319762395237914,0.0016843438259894496,69.2
-10377.321103867609,16177.595070890113,-2.2318080585952043,0.0016791750200124578,69.3
-10377.38249088429,16177.516125942828,-2.231640393911077,0.0016740062518398571,69.4
-10377.443864922987,16177.437170412886,-2.231473245468826,0.0016688375235272427,69.5
-10377.505226023617,16177.358204332832,-2.2313066132657307,0.001663668837110078,69.60000000000001
-10377.566574226104,16177.27922773522,-2.2311404972989357,0.0016585001946037678,69.7
-10377.627909570363,16177.2002406526,-2.230974897565452,0.0016533315980037126,69.8
-10377.68923209632,16177.12124311753,-2.2308098140621584,0.001648163049285377,69.9
-10377.750541843892,16177.042235162555,-2.2306452467858024,0.0016429945504043458,70.0
-10377.811838853,16176.963216820233,-2.230481195733002,0.0016378261032963916,70.10000000000001
-10377.873123163561,16176.88418812311,-2.2303176609002464,0.0016326577098775348,70.2
-10377.9343948155,16176.805149103746,-2.2301546422838987,0.0016274893720441054,70.3
-10377.995653848735,16176.726099794683,-2.2299921398801943,0.0016223210916728036,70.4
-10378.056900303181,16176.647040228481,-2.2298301536852465,0.00161715287062077,70.5
-10378.118134218766,16176.56797043769,-2.229668683695044,0.001611984710725635,70.60000000000001
-10378.179355635406,16176.48889045486,-2.2295077299054538,0.0016068166138055943,70.7
-10378.240564593021,16176.409800312547,-2.2293472923122226,0.0016016485816594634,70.8
-10378.301761131532,16176.3307000433,-2.2291873709109775,0.0015964806160667416,70.9
-10378.362945290859,16176.25158967967,-2.229027965697228,0.0015913127187876768,71.0
-10378.42411711092,16176.172469254212,-2.228869076666366,0.0015861448915633245,71.10000000000001
-10378.485276631636,16176.093338799477,-2.22871070381367,0.0015809771361156148,71.2
-10378.54642389293,16176.014198348017,-2.2285528471343015,0.0015758094541474081,71.3
-10378.607558934718,16175.935047932386,-2.228395506623311,0.0015706418473425653,71.4
-10378.668681796924,16175.85588758513,-2.228238682275637,0.001565474317366007,71.5
-10378.729792519463,16175.776717338806,-2.2280823740861075,0.001560306865863773,71.60000000000001
-10378.79089114226,16175.697537225968,-2.227926582049441,0.0015551394944630925,71.7
-10378.851977705232,16175.618347279162,-2.227771306160249,0.0015499722047724383,71.8
-10378.913052248297,16175.539147530944,-2.2276165464130355,0.0015448049983815956,71.9
-10378.97411481138,16175.459938013866,-2.2274623028021994,0.001539637876861723,72.0
-10379.0351654344,16175.380718760482,-2.227308575322035,0.0015344708417654126,72.10000000000001
-10379.096204157275,16175.301489803338,-2.227155363966735,0.0015293038946267573,72.2
-10379.157231019926,16175.222251174991,-2.2270026687303894,0.0015241370369614108,72.3
-10379.218246062272,16175.14300290799,-2.2268504896069876,0.0015189702702666488,72.4
-10379.279249324236,16175.063745034891,-2.2266988265904204,0.001513803596021437,72.5
-10379.340240845731,16174.984477588241,-2.2265476796744794,0.0015086370156864877,72.60000000000001
-10379.401220666685,16174.905200600595,-2.2263970488528613,0.001503470530704329,72.7
-10379.462188827016,16174.82591410451,-2.2262469341191653,0.0014983041424993615,72.8
-10379.523145366642,16174.746618132525,-2.226097335466897,0.0014931378524779247,72.9
-10379.584090325485,16174.667312717207,-2.2259482528894696,0.0014879716620283606,73.0
-10379.645023743464,16174.587997891094,-2.2257996863802028,0.0014828055725210722,73.10000000000001
-10379.705945660498,16174.508673686752,-2.2256516359323264,0.001477639585308594,73.2
-10379.766856116506,16174.429340136723,-2.2255041015389803,0.001472473701725645,73.3
-10379.827755151415,16174.349997273563,-2.225357083193216,0.0014673079230892005,73.4
-10379.888642805137,16174.270645129822,-2.225210580887998,0.001462142250698551,73.5
-10379.949519117597,16174.191283738051,-2.225064594616204,0.0014569766858353638,73.60000000000001
-10380.010384128715,16174.11191313081,-2.2249191243706283,0.0014518112297637507,73.7
-10380.071237878405,16174.032533340642,-2.224774170143979,0.001446645883730326,73.8
-10380.132080406594,16173.953144400102,-2.2246297319288844,0.0014414806489642712,73.9
-10380.192911753196,16173.873746341744,-2.224485809717889,0.0014363155266774008,74.0
-10380.253731958135,16173.794339198119,-2.2243424035034587,0.0014311505180642204,74.10000000000001
-10380.314541061332,16173.714923001779,-2.2241995132779793,0.001425985624301994,74.2
-10380.375339102706,16173.635497785275,-2.224057139033759,0.0014208208465508044,74.3
-10380.436126122177,16173.556063581158,-2.223915280763029,0.0014156561859536166,74.4
-10380.496902159663,16173.476620421985,-2.223773938457946,0.0014104916436363433,74.5
-10380.557667255085,16173.397168340302,-2.2236331121105897,0.001405327220707903,74.60000000000001
-10380.618421448364,16173.317707368666,-2.2234928017129687,0.0014001629182602898,74.7
-10380.679164779418,16173.238237539626,-2.223353007257018,0.0013949987373686288,74.8
-10380.739897288171,16173.158758885736,-2.2232137287346014,0.001389834679091246,74.9
-10380.800619014539,16173.079271439547,-2.223074966137514,0.0013846707444697276,75.0
-10380.861329998444,16172.99977523361,-2.22293671945748,0.0013795069345289835,75.10000000000001
-10380.922030279806,16172.92027030048,-2.2227989886861574,0.0013743432502773122,75.2
-10380.982719898544,16172.840756672706,-2.2226617738151364,0.0013691796927064604,75.3
-10381.043398894579,16172.761234382842,-2.2225250748359424,0.001364016262791689,75.4
-10381.104067307828,16172.681703463439,-2.222388891740035,0.0013588529614918386,75.5
-10381.164725178216,16172.60216394705,-2.2222532245188122,0.0013536897897493843,75.60000000000001
-10381.225372545663,16172.522615866224,-2.222118073163608,0.0013485267484905081,75.7
-10381.286009450085,16172.44305925352,-2.2219834376656964,0.0013433638386251556,75.8
-10381.346635931402,16172.363494141482,-2.221849318016289,0.001338201061047102,75.9
-10381.407252029538,16172.283920562668,-2.2217157142065416,0.0013330384166340158,76.0
-10381.46785778441,16172.204338549627,-2.221582626227549,0.001327875906247519,76.10000000000001
-10381.528453235936,16172.124748134911,-2.221450054070351,0.001322713530733253,76.2
-10381.589038424043,16172.045149351075,-2.2213179977259294,0.0013175512909209407,76.3
-10381.649613388647,16171.965542230668,-2.221186457185214,0.0013123891876244496,76.4
-10381.710178169666,16171.885926806242,-2.2210554324390777,0.0013072272216418548,76.5
-10381.770732807023,16171.806303110352,-2.2209249234783432,0.0013020653937555011,76.60000000000001
-10381.831277340636,16171.726671175547,-2.2207949302937804,0.001296903704732071,76.7
-10381.891811810428,16171.647031034381,-2.2206654528761076,0.001291742155322639,76.80000000000001
-10381.952336256314,16171.567382719404,-2.220536491215995,0.0012865807462627455,76.9
-10382.012850718218,16171.48772626317,-2.220408045304064,0.0012814194782724486,77.0
-10382.073355236058,16171.40806169823,-2.2202801151308873,0.0012762583520563966,77.10000000000001
-10382.133849849759,16171.328389057137,-2.220152700686992,0.0012710973683038868,77.2
-10382.194334599235,16171.248708372443,-2.2200258019628603,0.0012659365276889284,77.30000000000001
-10382.254809524407,16171.1690196767,-2.219899418948928,0.0012607758308703075,77.4
-10382.315274665198,16171.089323002458,-2.2197735516355883,0.0012556152784916482,77.5
-10382.375730061523,16171.009618382272,-2.219648200013193,0.0012504548711814766,77.60000000000001
-10382.436175753308,16170.929905848692,-2.219523364072051,0.001245294609553286,77.7
-10382.496611780469,16170.85018543427,-2.219399043802431,0.0012401344942055937,77.80000000000001
-10382.55703818293,16170.77045717156,-2.219275239194563,0.0012349745257220148,77.9
-10382.617455000605,16170.690721093113,-2.2191519502386376,0.0012298147046713123,78.0
-10382.67786227342,16170.610977231481,-2.219029176924808,0.0012246550316074702,78.10000000000001
-10382.738260041291,16170.531225619214,-2.2189069192431914,0.0012194955070697529,78.2
-10382.798648344136,16170.45146628887,-2.218785177183869,0.0012143361315827674,78.30000000000001
-10382.859027221883,16170.371699272993,-2.2186639507368877,0.0012091769056565298,78.4
-10382.919396714446,16170.291924604144,-2.21854323989226,0.001204017829786523,78.5
-10382.979756861747,16170.212142314866,-2.2184230446399678,0.0011988589044537644,78.60000000000001
-10383.040107703706,16170.132352437719,-2.218303364969959,0.0011937001301248681,78.7
-10383.10044928024,16170.052555005246,-2.2181842008721513,0.0011885415072521055,78.80000000000001
-10383.160781631273,16169.972750050008,-2.218065552336434,0.0011833830362734717,78.9
-10383.221104796723,16169.892937604556,-2.2179474193526665,0.0011782247176127447,79.0
-10383.28141881651,16169.813117701435,-2.21782980191068,0.0011730665516795525,79.10000000000001
-10383.341723730557,16169.733290373204,-2.2177127000002796,0.0011679085388694352,79.2
-10383.402019578778,16169.653455652413,-2.217596113611244,0.001162750679563903,79.30000000000001
-10383.462306401101,16169.573613571614,-2.217480042733327,0.0011575929741305083,79.4
-10383.522584237438,16169.493764163355,-2.2173644873562584,0.0011524354229228994,79.5
-10383.582853127717,16169.413907460197,-2.217249447469744,0.001147278026280889,79.60000000000001
-10383.643113111848,16169.334043494682,-2.217134923063469,0.0011421207845305186,79.7
-10383.703364229761,16169.254172299372,-2.2170209141270947,0.0011369636979841142,79.80000000000001
-10383.763606521368,16169.174293906812,-2.2169074206502644,0.0011318067669403582,79.9
-10383.823840026596,16169.094408349556,-2.216794442622601,0.0011266499916843444,80.0
-10383.884064785363,16169.014515660156,-2.216681980033708,0.0011214933724876463,80.10000000000001
-10383.944280837584,16168.934615871163,-2.2165700328731717,0.0011163369096083783,80.2
-10384.004488223187,16168.854709015133,-2.2164586011305625,0.0011111806032912581,80.30000000000001
-10384.064686982083,16168.774795124613,-2.2163476847954326,0.0011060244537676712,80.4
-10384.1248771542,16168.69487423216,-2.216237283857322,0.0011008684612557303,80.5
-10384.185058779454,16168.614946370322,-2.2161273983057543,0.0010957126259603432,80.60000000000001
-10384.245231897767,16168.535011571654,-2.2160180281302404,0.0010905569480732715,80.7
-10384.305396549056,16168.455069868704,-2.2159091733202794,0.001085401427773195,80.80000000000001
-10384.365552773246,16168.375121294026,-2.2158008338653574,0.0010802460652257768,80.9
-10384.425700610253,16168.295165880174,-2.215693009754952,0.0010750908605837203,81.0
-10384.485840099995,16168.2152036597,-2.215585700978528,0.001069935813986838,81.10000000000001
-10384.545971282398,16168.135234665155,-2.2154789075255445,0.001064780925562113,81.2
-10384.60609419738,16168.05525892909,-2.2153726293854503,0.0010596261954237572,81.30000000000001
-10384.666208884859,16167.975276484058,-2.215266866547687,0.001054471623673282,81.4
-10384.726315384754,16167.89528736261,-2.2151616190016914,0.001049317210399554,81.5
-10384.78641373699,16167.8152915973,-2.215056886736893,0.001044162955678861,81.60000000000001
-10384.846503981484,16167.73528922068,-2.2149526697427167,0.0010390088595749753,81.7
-10384.906586158153,16167.6552802653,-2.2148489680085848,0.0010338549221392142,81.80000000000001
-10384.966660306924,16167.575264763715,-2.214745781523915,0.0010287011434105054,81.9
-10385.026726467713,16167.495242748475,-2.2146431102781237,0.0010235475234154482,82.0
-10385.08678468044,16167.415214252129,-2.2145409542606256,0.001018394062168374,82.10000000000001
-10385.146834985024,16167.335179307236,-2.2144393134608342,0.0010132407596714162,82.2
-10385.206877421386,16167.255137946342,-2.2143381878681643,0.0010080876159145624,82.30000000000001
-10385.266912029449,16167.175090202003,-2.214237577472031,0.001002934630875727,82.4
-10385.326938849128,16167.09503610677,-2.214137482261851,0.0009977818045208088,82.5
-10385.386957920346,16167.014975693195,-2.2140379022270444,0.0009926291368037516,82.60000000000001
-10385.446969283023,16166.93490899383,-2.2139388373570332,0.0009874766276666141,82.7
-10385.506972977078,16166.854836041224,-2.2138402876412457,0.0009823242770396247,82.80000000000001
-10385.566969042433,16166.774756867935,-2.2137422530691135,0.0009771720848412498,82.9
-10385.626957519004,16166.69467150651,-2.2136447336300744,0.0009720200509782515,83.0
-10385.686938446717,16166.614579989504,-2.213547729313573,0.0009668681753457557,83.10000000000001
-10385.746911865486,16166.534482349465,-2.2134512401090607,0.0009617164578273103,83.2
-10385.806877815232,16166.454378618952,-2.2133552660059976,0.000956564898294948,83.30000000000001
-10385.86683633588,16166.374268830514,-2.2132598069938525,0.0009514134966092533,83.4
-10385.926787467344,16166.294153016697,-2.2131648630621035,0.0009462622526194182,83.5
-10385.986731249548,16166.214031210064,-2.2130704342002385,0.0009411111661633106,83.60000000000001
-10386.046667722412,16166.133903443157,-2.212976520397758,0.000935960237067534,83.7
-10386.106596925853,16166.053769748534,-2.2128831216441736,0.0009308094651474885,83.80000000000001
-10386.166518899794,16165.973630158745,-2.212790237929009,0.0009256588502074392,83.9
-10386.22643368415,16165.893484706345,-2.2126978692418025,0.0009205083920405711,84.0
-10386.28634131885,16165.813333423881,-2.212606015572105,0.0009153580904290553,84.10000000000001
-10386.346241843807,16165.733176343909,-2.212514676909483,0.0009102079451441136,84.2
-10386.406135298943,16165.653013498977,-2.2124238532435188,0.0009050579559460759,84.30000000000001
-10386.466021724176,16165.572844921642,-2.2123335445638106,0.0008999081225844475,84.4
-10386.52590115943,16165.492670644453,-2.2122437508599737,0.0008947584447979671,84.5
-10386.585773644621,16165.412490699962,-2.212154472121641,0.0008896089223146715,84.60000000000001
-10386.645639219672,16165.332305120724,-2.212065708338464,0.0008844595548519588,84.7
-10386.705497924504,16165.252113939288,-2.2119774595001127,0.0008793103421166482,84.80000000000001
-10386.765349799032,16165.171917188209,-2.211889725596279,0.0008741612838050457,84.9
-10386.82519488318,16165.091714900034,-2.2118025066166718,0.0008690123796030013,85.0
-10386.885033216868,16165.011507107321,-2.2117158025510246,0.0008638636291859762,85.10000000000001
-10386.944864840016,16164.931293842617,-2.2116296133890914,0.0008587150322191041,85.2
-10387.00468979254,16164.851075138478,-2.211543939120648,0.0008535665883572495,85.30000000000001
-10387.064508114363,16164.770851027453,-2.211458779735495,0.0008484182972450764,85.4
-10387.124319845407,16164.690621542095,-2.211374135223457,0.0008432701585171054,85.5
-10387.184125025591,16164.610386714958,-2.211290005574382,0.0008381221717977758,85.60000000000001
-10387.243923694832,16164.530146578592,-2.211206390778143,0.0008329743367015136,85.7
-10387.303715893055,16164.44990116555,-2.211123290824641,0.0008278266528327853,85.80000000000001
-10387.363501660175,16164.369650508383,-2.2110407057038026,0.0008226791197861683,85.9
-10387.423281036115,16164.289394639643,-2.2109586354055812,0.0008175317371464058,86.0
-10387.483054060793,16164.209133591883,-2.210877079919959,0.0008123845044884735,86.10000000000001
-10387.542820774132,16164.128867397658,-2.2107960392369463,0.0008072374213776415,86.2
-10387.60258121605,16164.048596089511,-2.2107155133465826,0.0008020904873695322,86.30000000000001
-10387.662335426467,16163.968319700005,-2.2106355022389375,0.0007969437020101896,86.4
-10387.722083445306,16163.888038261686,-2.2105560059041114,0.0007917970648361339,86.5
-10387.78182531248,16163.807751807104,-2.2104770243322354,0.0007866505753744272,86.60000000000001
-10387.841561067917,16163.727460368818,-2.2103985575134724,0.0007815042331427371,86.7
-10387.90129075153,16163.647163979373,-2.2103206054380187,0.0007763580376493939,86.80000000000001
-10387.961014403245,16163.566862671329,-2.210243168096102,0.000771211988393459,86.9
-10388.02073206298,16163.486556477228,-2.210166245477985,0.0007660660848647798,87.0
-10388.080443770652,16163.406245429629,-2.2100898375739644,0.0007609203265440556,87.10000000000001
-10388.140149566185,16163.325929561082,-2.210013944374371,0.0007557747129029026,87.2
-10388.1998494895,16163.245608904143,-2.2099385658695723,0.0007506292434039066,87.30000000000001
-10388.259543580512,16163.165283491357,-2.209863702049971,0.0007454839175006959,87.4
-10388.319231879143,16163.08495335528,-2.209789352906007,0.0007403387346379949,87.5
-10388.378914425313,16163.004618528465,-2.2097155184281565,0.0007351936942516887,87.60000000000001
-10388.438591258946,16162.92427904346,-2.2096421986069354,0.0007300487957688876,87.7
-10388.498262419958,16162.843934932822,-2.209569393432896,0.0007249040386079836,87.80000000000001
-10388.557927948268,16162.7635862291,-2.2094971028966315,0.0007197594221787177,87.9
-10388.6175878838,16162.68323296485,-2.2094253269887734,0.0007146149458822371,88.0
-10388.677242266469,16162.602875172617,-2.2093540656999937,0.0007094706091111599,88.10000000000001
-10388.7368911362,16162.52251288496,-2.2092833190210057,0.0007043264112496367,88.2
-10388.79653453291,16162.442146134425,-2.209213086942563,0.0006991823516734098,88.30000000000001
-10388.85617249652,16162.36177495357,-2.209143369455462,0.0006940384297498791,88.4
-10388.91580506695,16162.28139937494,-2.2090741665505407,0.0006888946448381597,88.5
-10388.97543228412,16162.201019431093,-2.2090054782186814,0.000683750996289145,88.60000000000001
-10389.03505418795,16162.120635154584,-2.2089373044508083,0.0006786074834455718,88.7
-10389.09467081836,16162.040246577955,-2.2088696452378906,0.0006734641056420747,88.80000000000001
-10389.154282215268,16161.959853733766,-2.2088025005709424,0.0006683208622052562,88.9
-10389.213888418599,16161.879456654564,-2.2087358704410223,0.0006631777524537413,89.0
-10389.273489468269,16161.799055372907,-2.2086697548392342,0.0006580347756982423,89.10000000000001
-10389.3330854042,16161.718649921342,-2.2086041537567294,0.0006528919312416219,89.2
-10389.392676266309,16161.638240332422,-2.208539067184705,0.0006477492183789506,89.30000000000001
-10389.45226209452,16161.5578266387,-2.2084744951144057,0.0006426066363975733,89.4
-10389.51184292875,16161.47740887273,-2.2084104375371245,0.0006374641845771653,89.5
-10389.571418808919,16161.396987067059,-2.208346894444201,0.0006323218621897985,89.60000000000001
-10389.630989774949,16161.31656125424,-2.208283865827025,0.0006271796685000012,89.7
-10389.690555866762,16161.236131466832,-2.2082213516770355,0.0006220376027648187,89.80000000000001
-10389.750117124273,16161.155697737378,-2.2081593519857208,0.0006168956642338768,89.9
-10389.809673587404,16161.075260098438,-2.2080978667446196,0.0006117538521494419,90.0
-10389.869225296077,16160.994818582556,-2.2080368959453214,0.0006066121657464813,90.10000000000001
-10389.92877229021,16160.914373222293,-2.2079764395794665,0.0006014706042527281,90.2
-10389.98831460972,16160.833924050194,-2.2079164976387484,0.0005963291668887393,90.30000000000001
-10390.047852294534,16160.753471098813,-2.207857070114911,0.0005911878528679597,90.4
-10390.107385384566,16160.673014400702,-2.207798156999752,0.000586046661396781,90.5
-10390.16691391974,16160.592553988412,-2.207739758285121,0.0005809055916746038,90.60000000000001
-10390.226437939975,16160.512089894499,-2.207681873962923,0.0005757646428939025,90.7
-10390.28595748519,16160.431622151511,-2.207624504025116,0.0005706238142402796,90.80000000000001
-10390.345472595305,16160.351150792003,-2.2075676484637126,0.0005654831048925341,90.9
-10390.40498331024,16160.270675848524,-2.20751130727078,0.0005603425140227189,91.0
-10390.464489669916,16160.19019735363,-2.2074554804384423,0.0005552020407962022,91.10000000000001
-10390.523991714253,16160.10971533987,-2.2074001679588773,0.0005500616843717316,91.2
-10390.58348948317,16160.029229839796,-2.207345369824321,0.0005449214439014905,91.30000000000001
-10390.642983016589,16159.94874088596,-2.207291086027065,0.0005397813185311657,91.4
-10390.702472354427,16159.868248510917,-2.207237316559459,0.0005346413074000027,91.5
-10390.761957536606,16159.787752747217,-2.2071840614139098,0.0005295014096408694,91.60000000000001
-10390.821438603045,16159.707253627412,-2.2071313205828815,0.0005243616243803201,91.7
-10390.880915593667,16159.626751184052,-2.207079094058898,0.0005192219507386501,91.80000000000001
-10390.94038854839,16159.546245449694,-2.207027381834541,0.0005140823878299652,91.9
-10390.99985750713,16159.465736456887,-2.2069761839024524,0.0005089429347622342,92.0
-10391.059322509815,16159.385224238182,-2.206925500255333,0.0005038035906373566,92.10000000000001
-10391.118783596357,16159.304708826134,-2.2068753308859446,0.0004986643545512217,92.2
-10391.178240806685,16159.22419025329,-2.2068256757871083,0.0004935252255937683,92.30000000000001
-10391.237694180709,16159.14366855221,-2.206776534951707,0.0004883862028490484,92.4
-10391.297143758355,16159.063143755438,-2.2067279083726845,0.000483247285395286,92.5
-10391.356589579542,16158.982615895533,-2.2066797960430464,0.0004781084723049389,92.60000000000001
-10391.416031684192,16158.902085005042,-2.2066321979558605,0.00047296976264476175,92.7
-10391.47547011222,16158.821551116518,-2.2065851141042567,0.000467831155475863,92.80000000000001
-10391.53490490355,16158.741014262514,-2.2065385444814276,0.0004626926498537706,92.9
-10391.594336098102,16158.660474475582,-2.2064924890806292,0.0004575542448284899,93.0
-10391.653763735794,16158.579931788276,-2.206446947895182,0.0004524159394445638,93.10000000000001
-10391.713187856547,16158.499386233143,-2.206401920918468,0.0004472777327411393,93.2
-10391.772608500281,16158.41883784274,-2.2063574081439365,0.0004421396237520213,93.30000000000001
-10391.832025706917,16158.338286649614,-2.206313409565099,0.00043700161150573934,93.4
-10391.891439516376,16158.257732686325,-2.2062699251755324,0.0004318636950256052,93.5
-10391.950849968573,16158.177175985418,-2.2062269549688804,0.00042672587332977425,93.60000000000001
-10392.010257103433,16158.096616579447,-2.206184498938851,0.0004215881454313092,93.7
-10392.069660960873,16158.016054500964,-2.206142557079218,0.0004164505103382368,93.80000000000001
-10392.129061580814,16157.935489782521,-2.206101129383823,0.00041131296705361296,93.9
-10392.188459003177,16157.854922456672,-2.2060602158465725,0.00040617551457557957,94.0
-10392.247853267882,16157.774352555965,-2.206019816461441,0.00040103815189742795,94.10000000000001
-10392.307244414847,16157.693780112959,-2.2059799312224704,0.00039590087800766107,94.2
-10392.366632483994,16157.6132051602,-2.20594056012377,0.0003907636918900496,94.30000000000001
-10392.426017515243,16157.532627730241,-2.2059017031595167,0.0003856265925236986,94.4
-10392.485399548512,16157.452047855633,-2.205863360323956,0.00038048957888310386,94.5
-10392.544778623722,16157.371465568933,-2.2058255316114024,0.00037535264993821405,94.60000000000001
-10392.604154780796,16157.290880902687,-2.205788217016238,0.00037021580465449415,94.7
-10392.663528059651,16157.210293889453,-2.2057514165329155,0.00036507904199298107,94.80000000000001
-10392.722898500206,16157.129704561778,-2.2057151301559563,0.00035994236091035063,94.9
-10392.782266142383,16157.049112952216,-2.205679357879952,0.0003548057603589728,95.0
-10392.841631026102,16156.96851909332,-2.205644099699563,0.0003496692392869747,95.10000000000001
-10392.900993191282,16156.887923017639,-2.2056093556095218,0.0003445327966383042,95.2
-10392.960352677843,16156.80732475773,-2.2055751256046303,0.00033939643135278466,95.30000000000001
-10393.019709525706,16156.72672434614,-2.2055414096797614,0.0003342601423661821,95.4
-10393.079063774792,16156.646121815427,-2.2055082078298596,0.0003291239286102613,95.5
-10393.138415465019,16156.565517198136,-2.20547552004994,0.0003239877890128466,95.60000000000001
-10393.197764636308,16156.484910526824,-2.2054433463350906,0.00031885172249788806,95.7
-10393.257111328578,16156.404301834042,-2.2054116866804705,0.00031371572798551405,95.80000000000001
-10393.316455581751,16156.32369115234,-2.2053805410813103,0.0003085798043921006,95.9
-10393.375797435743,16156.243078514271,-2.2053499095329148,0.00030344395063032373,96.0
-10393.435136930477,16156.162463952389,-2.2053197920306595,0.00029830816560922545,96.10000000000001
-10393.494474105875,16156.081847499247,-2.205290188569995,0.0002931724482342742,96.2
-10393.553809001856,16156.00122918739,-2.2052610991464423,0.0002880367974074225,96.30000000000001
-10393.613141658338,16155.92060904938,-2.2052325237555985,0.0002829012120271718,96.4
-10393.672472115239,16155.83998711776,-2.2052044623931324,0.00027776569098862853,96.5
-10393.731800412485,16155.75936342509,-2.2051769150547877,0.000272630233183568,96.60000000000001
-10393.79112658999,16155.678738003915,-2.2051498817363817,0.0002674948375004947,96.7
-10393.85045068768,16155.59811088679,-2.2051233624338065,0.0002623595028247009,96.80000000000001
-10393.90977274547,16155.517482106268,-2.2050973571430275,0.00025722422803833053,96.9
-10393.969092803283,16155.436851694902,-2.2050718658600856,0.0002520890120204361,97.0
-10394.028410901037,16155.35621968524,-2.205046888581097,0.0002469538536470415,97.10000000000001
-10394.087727078657,16155.275586109836,-2.205022425302252,0.00024181875179120365,97.2
-10394.147041376054,16155.194951001244,-2.204998476019817,0.00023668370532306946,97.30000000000001
-10394.206353833153,16155.114314392014,-2.204975040730134,0.00023154871310994093,97.4
-10394.265664489878,16155.033676314699,-2.2049521194296196,0.00022641377401633154,97.5
-10394.324973386143,16154.95303680185,-2.2049297121147675,0.00022127888690402845,97.60000000000001
-10394.384280561871,16154.872395886021,-2.2049078187821465,0.00021614405063215562,97.7
-10394.443586056981,16154.79175359976,-2.204886439428402,0.00021100926405722884,97.80000000000001
-10394.502889911393,16154.711109975624,-2.2048655740502556,0.00020587452603322245,97.9
-10394.562192165029,16154.630465046162,-2.204845222644506,0.00020073983541162485,98.0
-10394.621492857803,16154.549818843929,-2.2048253852080286,0.0001956051910415009,98.10000000000001
-10394.680792029641,16154.469171401473,-2.204806061737775,0.00019047059176955438,98.2
-10394.740089720464,16154.388522751346,-2.2047872522307737,0.0001853360364401842,98.30000000000001
-10394.79938597019,16154.307872926105,-2.204768956684131,0.00018020152389554997,98.4
-10394.858680818734,16154.2272219583,-2.204751175095031,0.00017506705297562838,98.5
-10394.917974306023,16154.14656988048,-2.204733907460734,0.00016993262251827437,98.60000000000001
-10394.977266471975,16154.0659167252,-2.2047171537785792,0.00016479823135928524,98.7
-10395.036557356507,16153.985262525011,-2.204700914045983,0.00015966387833245518,98.80000000000001
-10395.095846999542,16153.904607312465,-2.2046851882604384,0.000154529562269642,98.9
-10395.155135441002,16153.823951120117,-2.204669976419519,0.0001493952820008225,99.0
-10395.214422720801,16153.743293980513,-2.204655278520875,0.00014426103635415403,99.10000000000001
-10395.273708878865,16153.662635926212,-2.2046410945622346,0.00013912682415604015,99.2
-10395.332993955113,16153.581976989759,-2.204627424541405,0.0001339926442311813,99.30000000000001
-10395.392277989462,16153.501317203712,-2.2046142684562717,0.00012885849540264632,99.4
-10395.451561021831,16153.42065660062,-2.204601626304799,0.0001237243764919228,99.5
-10395.510843092146,16153.339995213037,-2.2045894980850296,0.00011859028631898396,99.60000000000001
-10395.570124240323,16153.259333073513,-2.2045778837950847,0.00011345622370234822,99.7
-10395.629404506282,16153.1786702146,-2.2045667834331653,0.00010832218745913654,99.80000000000001
-10395.688683929946,16153.098006668853,-2.2045561969975505,0.00010318817640513742,99.9
-10395.74796255123,16153.017342468822,-2.2045461244865994,9.805418935486269e-05,100.0
-10395.807240410057,16152.93667764706,-2.2045365658987492,9.292022512161065e-05,100.10000000000001
-10395.866517546347,16152.856012236114,-2.204527521232517,8.778628251752714e-05,100.2
-10395.92579400002,16152.775346268541,-2.204518990486499,8.265236035366307e-05,100.30000000000001
-10395.985069810999,16152.694679776896,-2.2045109736593704,7.751845744003828e-05,100.4
-10396.044345019198,16152.614012793723,-2.204503470749887,7.238457258569888e-05,100.5
-10396.103619664538,16152.533345351583,-2.204496481756883,6.725070459877902e-05,100.60000000000001
-10396.162893786945,16152.45267748302,-2.204490006679273,6.211685228656261e-05,100.7
-10396.222167426333,16152.37200922059,-2.20448404551605,5.698301445554067e-05,100.80000000000001
-10396.281440622623,16152.291340596845,-2.2044785982662876,5.184918991147513e-05,100.9
-10396.340713415737,16152.210671644338,-2.2044736649291394,4.671537745945648e-05,101.0
-10396.399985845595,16152.130002395617,-2.2044692455038377,4.1581575903964654e-05,101.10000000000001
-10396.459257952116,16152.04933288324,-2.204465339989696,3.6447784048932175e-05,101.2
-10396.518529775218,16151.968663139753,-2.2044619483861063,3.131400069780007e-05,101.30000000000001
-10396.577801354824,16151.887993197712,-2.2044590706925407,2.6180224653582636e-05,101.4
-10396.637072730855,16151.807323089668,-2.2044567069085526,2.104645471892444e-05,101.5
-10396.696343943227,16151.726652848174,-2.204454857033773,1.5912689696161618e-05,101.60000000000001
-10396.755615031861,16151.64598250578,-2.204453521067915,1.0778928387385009e-05,101.7
-10396.814886036682,16151.565312095037,-2.2044526990107705,5.64516959449536e-06,101.80000000000001
-10396.874156997605,16151.484641648503,-2.2044523908622113,5.114121192694069e-07,101.9
