-0.295773457587007,-0.5549106954633549,1.0858233219786357,0.0,0.0
-0.24915500985540676,-0.46644194204670475,1.0858233219786357,0.0,0.1
-0.2025365621238065,-0.3779731886300546,1.0858233219786357,0.0,0.2
-0.1559181143922062,-0.28950443521340435,1.0858233219786357,0.0,0.30000000000000004
-0.10929966666060595,-0.20103568179675418,1.0858233219786357,0.0,0.4
-0.06268121892900569,-0.11256692838010401,1.0858233219786357,0.0,0.5
-0.0160627711974054,-0.02409817496345379,1.0858233219786357,0.0,0.6000000000000001
0.030555676534194887,0.06437057845319638,1.0858233219786357,0.0,0.7000000000000001
0.07717412426579512,0.15283933186984655,1.0858233219786357,0.0,0.8
0.1237925719973954,0.24130808528649672,1.0858233219786357,0.0,0.9
0.17041101972899564,0.3297768387031469,1.0858233219786357,0.0,1.0
0.21702946746059593,0.41824559211979717,1.0858233219786357,0.0,1.1
0.2636479151921962,0.5067143455364473,1.0858233219786357,0.0,1.2000000000000002
0.3102663629237965,0.5951830989530975,1.0858233219786357,0.0,1.3
0.3568848106553968,0.6836518523697477,1.0858233219786357,0.0,1.4000000000000001
0.40350325838699697,0.7721206057863979,1.0858233219786357,0.0,1.5
0.45012170611859725,0.860589359203048,1.0858233219786357,0.0,1.6
0.49674015385019754,0.9490581126196984,1.0858233219786357,0.0,1.7000000000000002
0.5433586015817978,1.0375268660363484,1.0858233219786357,0.0,1.8
0.5899770493133981,1.1259956194529985,1.0858233219786357,0.0,1.9000000000000001
0.6365954970449983,1.2144643728696487,1.0858233219786357,0.0,2.0
0.6832139447765986,1.3029331262862989,1.0858233219786357,0.0,2.1
0.7298323925081989,1.3914018797029493,1.0858233219786357,0.0,2.2
0.7764508402397992,1.4798706331195994,1.0858233219786357,0.0,2.3000000000000003
0.8230692879713994,1.5683393865362496,1.0858233219786357,0.0,2.4000000000000004
0.8696877357029997,1.6568081399528998,1.0858233219786357,0.0,2.5
0.9163061834346,1.74527689336955,1.0858233219786357,0.0,2.6
0.9629246311662003,1.8337456467862001,1.0858233219786357,0.0,2.7
1.0095430788978006,1.9222144002028503,1.0858233219786357,0.0,2.8000000000000003
1.0561615266294009,2.0106831536195005,1.0858233219786357,0.0,2.9000000000000004
1.102779974361001,2.0991519070361506,1.0858233219786357,0.0,3.0
1.1493984220926012,2.187620660452801,1.0858233219786357,0.0,3.1
1.1960168698242015,2.276089413869451,1.0858233219786357,0.0,3.2
1.2426353175558018,2.364558167286101,1.0858233219786357,0.0,3.3000000000000003
1.289253765287402,2.4530269207027517,1.0858233219786357,0.0,3.4000000000000004
1.3358722130190022,2.5414956741194015,1.0858233219786357,0.0,3.5
1.3824906607506027,2.6299644275360516,1.0858233219786357,0.0,3.6
1.429109108482203,2.718433180952702,1.0858233219786357,0.0,3.7
1.4757275562138032,2.806901934369352,1.0858233219786357,0.0,3.8000000000000003
1.5223460039454035,2.8953706877860026,1.0858233219786357,0.0,3.9000000000000004
1.5689644516770036,2.9838394412026523,1.0858233219786357,0.0,4.0
1.6155828994086041,3.072308194619303,1.0858233219786357,0.0,4.1000000000000005
1.6622013471402042,3.1607769480359527,1.0858233219786357,0.0,4.2
1.7088197948718045,3.249245701452603,1.0858233219786357,0.0,4.3
1.7554382426034048,3.3377144548692534,1.0858233219786357,0.0,4.4
1.802056690335005,3.426183208285903,1.0858233219786357,0.0,4.5
1.8486751380666053,3.514651961702554,1.0858233219786357,0.0,4.6000000000000005
1.8952935857982056,3.6031207151192035,1.0858233219786357,0.0,4.7
1.941912033529806,3.691589468535854,1.0858233219786357,0.0,4.800000000000001
1.9885304812614062,3.780058221952504,1.0858233219786357,0.0,4.9
2.0351489289930065,3.8685269753691545,1.0858233219786357,0.0,5.0
2.0817673767246068,3.956995728785805,1.0858233219786357,0.0,5.1000000000000005
2.128385824456207,4.045464482202455,1.0858233219786357,0.0,5.2
2.1750042721878073,4.133933235619105,1.0858233219786357,0.0,5.300000000000001
2.2216227199194076,4.222401989035755,1.0858233219786357,0.0,5.4
2.2682411676510075,4.310870742452405,1.0858233219786357,0.0,5.5
2.314859615382608,4.3993394958690555,1.0858233219786357,0.0,5.6000000000000005
2.361478063114208,4.487808249285705,1.0858233219786357,0.0,5.7
2.408096510845809,4.576277002702356,1.0858233219786357,0.0,5.800000000000001
2.4547149585774086,4.664745756119006,1.0858233219786357,0.0,5.9
2.501333406309009,4.753214509535656,1.0858233219786357,0.0,6.0
2.5479518540406096,4.841683262952307,1.0858233219786357,0.0,6.1000000000000005
2.5945703017722095,4.9301520163689565,1.0858233219786357,0.0,6.2
2.64118874950381,5.018620769785607,1.0858233219786357,0.0,6.300000000000001
2.68780719723541,5.107089523202257,1.0858233219786357,0.0,6.4
2.7344256449670103,5.195558276618907,1.0858233219786357,0.0,6.5
2.7810440926986106,5.284027030035557,1.0858233219786357,0.0,6.6000000000000005
2.827662540430211,5.372495783452208,1.0858233219786357,0.0,6.7
2.874280988161811,5.460964536868858,1.0858233219786357,0.0,6.800000000000001
2.9208994358934115,5.549433290285508,1.0858233219786357,0.0,6.9
2.9675178836250113,5.637902043702158,1.0858233219786357,0.0,7.0
3.014136331356612,5.7263707971188085,1.0858233219786357,0.0,7.1000000000000005
3.0607547790882124,5.814839550535458,1.0858233219786357,0.0,7.2
3.1073732268198127,5.903308303952109,1.0858233219786357,0.0,7.300000000000001
3.153991674551413,5.9917770573687585,1.0858233219786357,0.0,7.4
3.200610122283013,6.080245810785408,1.0858233219786357,0.0,7.5
3.2472285700146135,6.168714564202059,1.0858233219786357,0.0,7.6000000000000005
3.2938470177462134,6.2571833176187095,1.0858233219786357,0.0,7.7
3.340465465477814,6.34565207103536,1.0858233219786357,0.0,7.800000000000001
3.387083913209414,6.43412082445201,1.0858233219786357,0.0,7.9
3.433702360941014,6.52258957786866,1.0858233219786357,0.0,8.0
3.4803208086726145,6.611058331285309,1.0858233219786357,0.0,8.1
3.5269392564042152,6.699527084701961,1.0858233219786357,0.0,8.200000000000001
3.5735577041358155,6.7879958381186105,1.0858233219786357,0.0,8.3
3.6201761518674154,6.87646459153526,1.0858233219786357,0.0,8.4
3.6667945995990157,6.964933344951911,1.0858233219786357,0.0,8.5
3.713413047330616,7.053402098368561,1.0858233219786357,0.0,8.6
3.7600314950622167,7.141870851785212,1.0858233219786357,0.0,8.700000000000001
3.8066499427938165,7.230339605201862,1.0858233219786357,0.0,8.8
3.8532683905254164,7.3188083586185115,1.0858233219786357,0.0,8.9
3.899886838257017,7.407277112035161,1.0858233219786357,0.0,9.0
3.946505285988617,7.495745865451812,1.0858233219786357,0.0,9.1
3.9931237337202177,7.5842146188684625,1.0858233219786357,0.0,9.200000000000001
4.039742181451818,7.672683372285113,1.0858233219786357,0.0,9.3
4.086360629183418,7.761152125701762,1.0858233219786357,0.0,9.4
4.132979076915018,7.8496208791184126,1.0858233219786357,0.0,9.5
4.179597524646619,7.938089632535063,1.0858233219786357,0.0,9.600000000000001
4.2262159723782196,8.026558385951713,1.0858233219786357,0.0,9.700000000000001
4.272834420109819,8.115027139368362,1.0858233219786357,0.0,9.8
4.319452867841419,8.203495892785014,1.0858233219786357,0.0,9.9
4.36607131557302,8.291964646201663,1.0858233219786357,0.0,10.0
4.412689763304621,8.380433399618315,1.0858233219786357,0.0,10.100000000000001
4.4593082110362205,8.468902153034964,1.0858233219786357,0.0,10.200000000000001
4.50592665876782,8.557370906451613,1.0858233219786357,0.0,10.3
4.552545106499421,8.645839659868265,1.0858233219786357,0.0,10.4
4.599163554231021,8.734308413284914,1.0858233219786357,0.0,10.5
4.645782001962622,8.822777166701567,1.0858233219786357,0.0,10.600000000000001
4.6924004496942215,8.911245920118215,1.0858233219786357,0.0,10.700000000000001
4.739018897425822,8.999714673534864,1.0858233219786357,0.0,10.8
4.785637345157422,9.088183426951517,1.0858233219786357,0.0,10.9
4.832255792889022,9.176652180368166,1.0858233219786357,0.0,11.0
4.878874240620623,9.265120933784818,1.0858233219786357,0.0,11.100000000000001
4.925492688352223,9.353589687201467,1.0858233219786357,0.0,11.200000000000001
4.972111136083823,9.442058440618116,1.0858233219786357,0.0,11.3
5.018729583815423,9.530527194034764,1.0858233219786357,0.0,11.4
5.065348031547024,9.618995947451417,1.0858233219786357,0.0,11.5
5.111966479278625,9.707464700868066,1.0858233219786357,0.0,11.600000000000001
5.158584927010224,9.795933454284718,1.0858233219786357,0.0,11.700000000000001
5.205203374741824,9.884402207701367,1.0858233219786357,0.0,11.8
5.251821822473425,9.972870961118016,1.0858233219786357,0.0,11.9
5.298440270205025,10.061339714534668,1.0858233219786357,0.0,12.0
5.345058717936626,10.149808467951317,1.0858233219786357,0.0,12.100000000000001
5.391677165668226,10.23827722136797,1.0858233219786357,0.0,12.200000000000001
5.438295613399826,10.326745974784618,1.0858233219786357,0.0,12.3
5.484914061131426,10.415214728201267,1.0858233219786357,0.0,12.4
5.531532508863026,10.50368348161792,1.0858233219786357,0.0,12.5
5.5781509565946275,10.592152235034568,1.0858233219786357,0.0,12.600000000000001
5.624769404326227,10.68062098845122,1.0858233219786357,0.0,12.700000000000001
5.671387852057827,10.76908974186787,1.0858233219786357,0.0,12.8
5.718006299789427,10.857558495284518,1.0858233219786357,0.0,12.9
5.764624747521028,10.946027248701167,1.0858233219786357,0.0,13.0
5.8112431952526284,11.03449600211782,1.0858233219786357,0.0,13.100000000000001
5.857861642984228,11.122964755534468,1.0858233219786357,0.0,13.200000000000001
5.904480090715829,11.21143350895112,1.0858233219786357,0.0,13.3
5.951098538447429,11.29990226236777,1.0858233219786357,0.0,13.4
5.997716986179029,11.388371015784418,1.0858233219786357,0.0,13.5
6.044335433910629,11.47683976920107,1.0858233219786357,0.0,13.600000000000001
6.09095388164223,11.56530852261772,1.0858233219786357,0.0,13.700000000000001
6.13757232937383,11.653777276034372,1.0858233219786357,0.0,13.8
6.18419077710543,11.742246029451021,1.0858233219786357,0.0,13.9
6.23080922483703,11.83071478286767,1.0858233219786357,0.0,14.0
6.277427672568631,11.919183536284322,1.0858233219786357,0.0,14.100000000000001
6.324046120300231,12.007652289700971,1.0858233219786357,0.0,14.200000000000001
6.370664568031831,12.09612104311762,1.0858233219786357,0.0,14.3
6.417283015763432,12.184589796534272,1.0858233219786357,0.0,14.4
6.463901463495032,12.273058549950921,1.0858233219786357,0.0,14.5
6.510519911226632,12.361527303367573,1.0858233219786357,0.0,14.600000000000001
6.557138358958232,12.449996056784222,1.0858233219786357,0.0,14.700000000000001
6.603756806689833,12.538464810200871,1.0858233219786357,0.0,14.8
6.650375254421433,12.626933563617524,1.0858233219786357,0.0,14.9
6.696993702153033,12.715402317034172,1.0858233219786357,0.0,15.0
6.743612149884633,12.803871070450825,1.0858233219786357,0.0,15.100000000000001
6.790230597616234,12.892339823867474,1.0858233219786357,0.0,15.200000000000001
6.836849045347834,12.980808577284122,1.0858233219786357,0.0,15.3
6.883467493079434,13.069277330700775,1.0858233219786357,0.0,15.4
6.9300859408110345,13.157746084117424,1.0858233219786357,0.0,15.5
6.976704388542635,13.246214837534076,1.0858233219786357,0.0,15.600000000000001
7.023322836274235,13.334683590950725,1.0858233219786357,0.0,15.700000000000001
7.069941284005835,13.423152344367374,1.0858233219786357,0.0,15.8
7.116559731737436,13.511621097784023,1.0858233219786357,0.0,15.9
7.1631781794690355,13.600089851200675,1.0858233219786357,0.0,16.0
7.209796627200636,13.688558604617324,1.0858233219786357,0.0,16.1
7.256415074932236,13.777027358033973,1.0858233219786357,0.0,16.2
7.303033522663837,13.865496111450625,1.0858233219786357,0.0,16.3
7.3496519703954375,13.953964864867277,1.0858233219786357,0.0,16.400000000000002
7.3962704181270365,14.042433618283926,1.0858233219786357,0.0,16.5
7.442888865858638,14.130902371700575,1.0858233219786357,0.0,16.6
7.489507313590237,14.219371125117224,1.0858233219786357,0.0,16.7
7.536125761321838,14.307839878533876,1.0858233219786357,0.0,16.8
7.5827442090534385,14.396308631950529,1.0858233219786357,0.0,16.900000000000002
7.629362656785038,14.484777385367178,1.0858233219786357,0.0,17.0
7.675981104516639,14.573246138783826,1.0858233219786357,0.0,17.1
7.722599552248239,14.661714892200475,1.0858233219786357,0.0,17.2
7.769217999979839,14.750183645617128,1.0858233219786357,0.0,17.3
7.81583644771144,14.83865239903378,1.0858233219786357,0.0,17.400000000000002
7.86245489544304,14.927121152450425,1.0858233219786357,0.0,17.5
7.90907334317464,15.015589905867078,1.0858233219786357,0.0,17.6
7.95569179090624,15.104058659283726,1.0858233219786357,0.0,17.7
8.00231023863784,15.192527412700379,1.0858233219786357,0.0,17.8
8.048928686369441,15.280996166117028,1.0858233219786357,0.0,17.900000000000002
8.095547134101041,15.369464919533677,1.0858233219786357,0.0,18.0
8.142165581832641,15.457933672950329,1.0858233219786357,0.0,18.1
8.188784029564241,15.546402426366978,1.0858233219786357,0.0,18.2
8.235402477295843,15.634871179783627,1.0858233219786357,0.0,18.3
8.282020925027442,15.723339933200279,1.0858233219786357,0.0,18.400000000000002
8.328639372759042,15.811808686616928,1.0858233219786357,0.0,18.5
8.375257820490644,15.90027744003358,1.0858233219786357,0.0,18.6
8.421876268222242,15.988746193450229,1.0858233219786357,0.0,18.7
8.468494715953844,16.077214946866878,1.0858233219786357,0.0,18.8
8.515113163685443,16.16568370028353,1.0858233219786357,0.0,18.900000000000002
8.561731611417043,16.25415245370018,1.0858233219786357,0.0,19.0
8.608350059148645,16.34262120711683,1.0858233219786357,0.0,19.1
8.654968506880245,16.43108996053348,1.0858233219786357,0.0,19.200000000000003
8.701586954611845,16.51955871395013,1.0858233219786357,0.0,19.3
8.748205402343446,16.60802746736678,1.0858233219786357,0.0,19.400000000000002
8.794823850075044,16.69649622078343,1.0858233219786357,0.0,19.5
8.841442297806646,16.78496497420008,1.0858233219786357,0.0,19.6
8.888060745538247,16.87343372761673,1.0858233219786357,0.0,19.700000000000003
8.934679193269845,16.96190248103338,1.0858233219786357,0.0,19.8
8.981297641001447,17.050371234450033,1.0858233219786357,0.0,19.900000000000002
9.027916088733047,17.13883998786668,1.0858233219786357,0.0,20.0
9.074534536464647,17.22730874128333,1.0858233219786357,0.0,20.1
9.121152984196248,17.315777494699983,1.0858233219786357,0.0,20.200000000000003
9.167771431927846,17.404246248116632,1.0858233219786357,0.0,20.3
9.214389879659448,17.492715001533284,1.0858233219786357,0.0,20.400000000000002
9.261008327391048,17.581183754949933,1.0858233219786357,0.0,20.5
9.307626775122648,17.669652508366582,1.0858233219786357,0.0,20.6
9.35424522285425,17.758121261783234,1.0858233219786357,0.0,20.700000000000003
9.40086367058585,17.846590015199883,1.0858233219786357,0.0,20.8
9.447482118317449,17.935058768616535,1.0858233219786357,0.0,20.900000000000002
9.494100566049049,18.02352752203318,1.0858233219786357,0.0,21.0
9.540719013780649,18.111996275449833,1.0858233219786357,0.0,21.1
9.58733746151225,18.200465028866486,1.0858233219786357,0.0,21.200000000000003
9.63395590924385,18.288933782283134,1.0858233219786357,0.0,21.3
9.68057435697545,18.377402535699783,1.0858233219786357,0.0,21.400000000000002
9.72719280470705,18.465871289116432,1.0858233219786357,0.0,21.5
9.773811252438652,18.554340042533084,1.0858233219786357,0.0,21.6
9.820429700170251,18.642808795949737,1.0858233219786357,0.0,21.700000000000003
9.867048147901851,18.731277549366386,1.0858233219786357,0.0,21.8
9.913666595633453,18.819746302783035,1.0858233219786357,0.0,21.900000000000002
9.960285043365051,18.908215056199683,1.0858233219786357,0.0,22.0
10.006903491096653,18.996683809616336,1.0858233219786357,0.0,22.1
10.053521938828252,19.085152563032988,1.0858233219786357,0.0,22.200000000000003
10.100140386559852,19.173621316449633,1.0858233219786357,0.0,22.3
10.146758834291454,19.262090069866286,1.0858233219786357,0.0,22.400000000000002
10.193377282023052,19.350558823282935,1.0858233219786357,0.0,22.5
10.239995729754654,19.439027576699587,1.0858233219786357,0.0,22.6
10.286614177486255,19.52749633011624,1.0858233219786357,0.0,22.700000000000003
10.333232625217853,19.615965083532885,1.0858233219786357,0.0,22.8
10.379851072949455,19.704433836949537,1.0858233219786357,0.0,22.900000000000002
10.426469520681055,19.792902590366186,1.0858233219786357,0.0,23.0
10.473087968412655,19.88137134378284,1.0858233219786357,0.0,23.1
10.519706416144256,19.969840097199487,1.0858233219786357,0.0,23.200000000000003
10.566324863875856,20.058308850616136,1.0858233219786357,0.0,23.3
10.612943311607456,20.14677760403279,1.0858233219786357,0.0,23.400000000000002
10.659561759339056,20.235246357449437,1.0858233219786357,0.0,23.5
10.706180207070656,20.32371511086609,1.0858233219786357,0.0,23.6
10.752798654802257,20.41218386428274,1.0858233219786357,0.0,23.700000000000003
10.799417102533857,20.500652617699387,1.0858233219786357,0.0,23.8
10.846035550265457,20.58912137111604,1.0858233219786357,0.0,23.900000000000002
10.892653997997057,20.67759012453269,1.0858233219786357,0.0,24.0
10.939272445728658,20.766058877949337,1.0858233219786357,0.0,24.1
10.985890893460258,20.85452763136599,1.0858233219786357,0.0,24.200000000000003
11.032509341191858,20.94299638478264,1.0858233219786357,0.0,24.3
11.07912778892346,21.03146513819929,1.0858233219786357,0.0,24.400000000000002
11.125746236655058,21.11993389161594,1.0858233219786357,0.0,24.5
11.17236468438666,21.20840264503259,1.0858233219786357,0.0,24.6
11.21898313211826,21.29687139844924,1.0858233219786357,0.0,24.700000000000003
11.265601579849859,21.38534015186589,1.0858233219786357,0.0,24.8
11.31222002758146,21.473808905282542,1.0858233219786357,0.0,24.900000000000002
11.358838475313059,21.56227765869919,1.0858233219786357,0.0,25.0
11.40545692304466,21.65074641211584,1.0858233219786357,0.0,25.1
11.452075370776262,21.739215165532492,1.0858233219786357,0.0,25.200000000000003
11.49869381850786,21.82768391894914,1.0858233219786357,0.0,25.3
11.545312266239462,21.916152672365794,1.0858233219786357,0.0,25.400000000000002
11.591930713971061,22.00462142578244,1.0858233219786357,0.0,25.5
11.638549161702661,22.09309017919909,1.0858233219786357,0.0,25.6
11.685167609434263,22.181558932615744,1.0858233219786357,0.0,25.700000000000003
11.731786057165861,22.270027686032392,1.0858233219786357,0.0,25.8
11.778404504897463,22.35849643944904,1.0858233219786357,0.0,25.900000000000002
11.825022952629062,22.44696519286569,1.0858233219786357,0.0,26.0
11.871641400360662,22.535433946282343,1.0858233219786357,0.0,26.1
11.918259848092264,22.623902699698995,1.0858233219786357,0.0,26.200000000000003
11.964878295823864,22.712371453115644,1.0858233219786357,0.0,26.3
12.011496743555464,22.800840206532293,1.0858233219786357,0.0,26.400000000000002
12.058115191287063,22.88930895994894,1.0858233219786357,0.0,26.5
12.104733639018665,22.977777713365594,1.0858233219786357,0.0,26.6
12.151352086750265,23.066246466782246,1.0858233219786357,0.0,26.700000000000003
12.197970534481865,23.154715220198895,1.0858233219786357,0.0,26.8
12.244588982213465,23.243183973615544,1.0858233219786357,0.0,26.900000000000002
12.291207429945064,23.331652727032193,1.0858233219786357,0.0,27.0
12.337825877676666,23.420121480448845,1.0858233219786357,0.0,27.1
12.384444325408266,23.508590233865498,1.0858233219786357,0.0,27.200000000000003
12.431062773139866,23.597058987282143,1.0858233219786357,0.0,27.3
12.477681220871467,23.685527740698795,1.0858233219786357,0.0,27.400000000000002
12.524299668603065,23.773996494115444,1.0858233219786357,0.0,27.5
12.570918116334667,23.862465247532096,1.0858233219786357,0.0,27.6
12.617536564066269,23.950934000948745,1.0858233219786357,0.0,27.700000000000003
12.664155011797867,24.039402754365394,1.0858233219786357,0.0,27.8
12.710773459529468,24.127871507782046,1.0858233219786357,0.0,27.900000000000002
12.757391907261066,24.216340261198695,1.0858233219786357,0.0,28.0
12.804010354992668,24.304809014615348,1.0858233219786357,0.0,28.1
12.85062880272427,24.393277768031997,1.0858233219786357,0.0,28.200000000000003
12.897247250455868,24.481746521448645,1.0858233219786357,0.0,28.3
12.94386569818747,24.570215274865298,1.0858233219786357,0.0,28.400000000000002
12.99048414591907,24.658684028281947,1.0858233219786357,0.0,28.5
13.037102593650669,24.747152781698595,1.0858233219786357,0.0,28.6
13.08372104138227,24.835621535115248,1.0858233219786357,0.0,28.700000000000003
13.13033948911387,24.924090288531897,1.0858233219786357,0.0,28.8
13.17695793684547,25.01255904194855,1.0858233219786357,0.0,28.900000000000002
13.22357638457707,25.101027795365198,1.0858233219786357,0.0,29.0
13.27019483230867,25.189496548781847,1.0858233219786357,0.0,29.1
13.316813280040272,25.2779653021985,1.0858233219786357,0.0,29.200000000000003
13.363431727771871,25.366434055615148,1.0858233219786357,0.0,29.3
13.410050175503471,25.4549028090318,1.0858233219786357,0.0,29.400000000000002
13.456668623235071,25.54337156244845,1.0858233219786357,0.0,29.5
13.503287070966673,25.631840315865098,1.0858233219786357,0.0,29.6
13.549905518698273,25.72030906928175,1.0858233219786357,0.0,29.700000000000003
13.596523966429872,25.8087778226984,1.0858233219786357,0.0,29.8
13.643142414161474,25.89724657611505,1.0858233219786357,0.0,29.900000000000002
13.689760861893072,25.985715329531697,1.0858233219786357,0.0,30.0
13.736379309624674,26.07418408294835,1.0858233219786357,0.0,30.1
13.782997757356274,26.162652836365,1.0858233219786357,0.0,30.200000000000003
13.829616205087873,26.25112158978165,1.0858233219786357,0.0,30.3
13.876234652819475,26.3395903431983,1.0858233219786357,0.0,30.400000000000002
13.922853100551073,26.42805909661495,1.0858233219786357,0.0,30.5
13.969471548282675,26.5165278500316,1.0858233219786357,0.0,30.6
14.016089996014276,26.604996603448253,1.0858233219786357,0.0,30.700000000000003
14.062708443745874,26.693465356864902,1.0858233219786357,0.0,30.8
14.109326891477476,26.78193411028155,1.0858233219786357,0.0,30.900000000000002
14.155945339209076,26.8704028636982,1.0858233219786357,0.0,31.0
14.202563786940676,26.958871617114852,1.0858233219786357,0.0,31.1
14.249182234672277,27.047340370531504,1.0858233219786357,0.0,31.200000000000003
14.295800682403877,27.135809123948153,1.0858233219786357,0.0,31.3
14.342419130135477,27.224277877364802,1.0858233219786357,0.0,31.400000000000002
14.389037577867077,27.31274663078145,1.0858233219786357,0.0,31.5
14.435656025598677,27.401215384198103,1.0858233219786357,0.0,31.6
14.482274473330278,27.489684137614756,1.0858233219786357,0.0,31.700000000000003
14.528892921061878,27.5781528910314,1.0858233219786357,0.0,31.8
14.575511368793478,27.666621644448053,1.0858233219786357,0.0,31.900000000000002
14.622129816525078,27.755090397864702,1.0858233219786357,0.0,32.0
14.66874826425668,27.843559151281355,1.0858233219786357,0.0,32.1
14.71536671198828,27.932027904698003,1.0858233219786357,0.0,32.2
14.761985159719881,28.020496658114656,1.0858233219786357,0.0,32.300000000000004
14.808603607451479,28.1089654115313,1.0858233219786357,0.0,32.4
14.855222055183079,28.197434164947953,1.0858233219786357,0.0,32.5
14.90184050291468,28.285902918364606,1.0858233219786357,0.0,32.6
14.94845895064628,28.374371671781255,1.0858233219786357,0.0,32.7
14.995077398377882,28.462840425197907,1.0858233219786357,0.0,32.800000000000004
15.04169584610948,28.551309178614552,1.0858233219786357,0.0,32.9
15.08831429384108,28.639777932031205,1.0858233219786357,0.0,33.0
15.134932741572682,28.728246685447857,1.0858233219786357,0.0,33.1
15.181551189304283,28.816715438864506,1.0858233219786357,0.0,33.2
15.228169637035883,28.90518419228116,1.0858233219786357,0.0,33.300000000000004
15.274788084767481,28.993652945697804,1.0858233219786357,0.0,33.4
15.321406532499083,29.082121699114456,1.0858233219786357,0.0,33.5
15.368024980230683,29.170590452531105,1.0858233219786357,0.0,33.6
15.414643427962284,29.259059205947757,1.0858233219786357,0.0,33.7
15.461261875693884,29.34752795936441,1.0858233219786357,0.0,33.800000000000004
15.507880323425482,29.435996712781055,1.0858233219786357,0.0,33.9
15.554498771157084,29.524465466197707,1.0858233219786357,0.0,34.0
15.601117218888684,29.612934219614356,1.0858233219786357,0.0,34.1
15.647735666620285,29.70140297303101,1.0858233219786357,0.0,34.2
15.694354114351887,29.78987172644766,1.0858233219786357,0.0,34.300000000000004
15.740972562083485,29.878340479864306,1.0858233219786357,0.0,34.4
15.787591009815085,29.966809233280955,1.0858233219786357,0.0,34.5
15.834209457546685,30.055277986697607,1.0858233219786357,0.0,34.6
15.880827905278288,30.14374674011426,1.0858233219786357,0.0,34.7
15.927446353009888,30.232215493530912,1.0858233219786357,0.0,34.800000000000004
15.974064800741484,30.320684246947557,1.0858233219786357,0.0,34.9
16.020683248473087,30.409153000364206,1.0858233219786357,0.0,35.0
16.067301696204687,30.49762175378086,1.0858233219786357,0.0,35.1
16.113920143936287,30.58609050719751,1.0858233219786357,0.0,35.2
16.160538591667887,30.674559260614163,1.0858233219786357,0.0,35.300000000000004
16.207157039399487,30.76302801403081,1.0858233219786357,0.0,35.4
16.253775487131087,30.851496767447458,1.0858233219786357,0.0,35.5
16.300393934862687,30.93996552086411,1.0858233219786357,0.0,35.6
16.34701238259429,31.028434274280762,1.0858233219786357,0.0,35.7
16.39363083032589,31.11690302769741,1.0858233219786357,0.0,35.800000000000004
16.440249278057486,31.205371781114057,1.0858233219786357,0.0,35.9
16.48686772578909,31.29384053453071,1.0858233219786357,0.0,36.0
16.53348617352069,31.38230928794736,1.0858233219786357,0.0,36.1
16.58010462125229,31.470778041364014,1.0858233219786357,0.0,36.2
16.626723068983893,31.559246794780663,1.0858233219786357,0.0,36.300000000000004
16.67334151671549,31.64771554819731,1.0858233219786357,0.0,36.4
16.71995996444709,31.73618430161396,1.0858233219786357,0.0,36.5
16.766578412178692,31.82465305503061,1.0858233219786357,0.0,36.6
16.813196859910292,31.913121808447265,1.0858233219786357,0.0,36.7
16.85981530764189,32.001590561863914,1.0858233219786357,0.0,36.800000000000004
16.90643375537349,32.09005931528056,1.0858233219786357,0.0,36.9
16.95305220310509,32.17852806869721,1.0858233219786357,0.0,37.0
16.99967065083669,32.26699682211386,1.0858233219786357,0.0,37.1
17.046289098568295,32.355465575530516,1.0858233219786357,0.0,37.2
17.092907546299895,32.443934328947165,1.0858233219786357,0.0,37.300000000000004
17.13952599403149,32.532403082363814,1.0858233219786357,0.0,37.4
17.186144441763094,32.62087183578046,1.0858233219786357,0.0,37.5
17.232762889494694,32.70934058919711,1.0858233219786357,0.0,37.6
17.279381337226294,32.79780934261377,1.0858233219786357,0.0,37.7
17.325999784957894,32.886278096030416,1.0858233219786357,0.0,37.800000000000004
17.372618232689494,32.97474684944706,1.0858233219786357,0.0,37.9
17.419236680421093,33.063215602863714,1.0858233219786357,0.0,38.0
17.465855128152693,33.15168435628036,1.0858233219786357,0.0,38.1
17.512473575884297,33.24015310969702,1.0858233219786357,0.0,38.2
17.559092023615896,33.32862186311367,1.0858233219786357,0.0,38.300000000000004
17.605710471347496,33.41709061653032,1.0858233219786357,0.0,38.400000000000006
17.652328919079096,33.505559369946965,1.0858233219786357,0.0,38.5
17.698947366810696,33.594028123363614,1.0858233219786357,0.0,38.6
17.745565814542296,33.68249687678027,1.0858233219786357,0.0,38.7
17.7921842622739,33.77096563019692,1.0858233219786357,0.0,38.800000000000004
17.8388027100055,33.85943438361357,1.0858233219786357,0.0,38.900000000000006
17.885421157737095,33.94790313703022,1.0858233219786357,0.0,39.0
17.9320396054687,34.036371890446866,1.0858233219786357,0.0,39.1
17.9786580532003,34.124840643863514,1.0858233219786357,0.0,39.2
18.0252765009319,34.21330939728017,1.0858233219786357,0.0,39.300000000000004
18.071894948663502,34.30177815069682,1.0858233219786357,0.0,39.400000000000006
18.118513396395098,34.39024690411347,1.0858233219786357,0.0,39.5
18.165131844126698,34.47871565753012,1.0858233219786357,0.0,39.6
18.2117502918583,34.567184410946766,1.0858233219786357,0.0,39.7
18.2583687395899,34.65565316436342,1.0858233219786357,0.0,39.800000000000004
18.3049871873215,34.74412191778007,1.0858233219786357,0.0,39.900000000000006
18.3516056350531,34.83259067119672,1.0858233219786357,0.0,40.0
18.3982240827847,34.92105942461337,1.0858233219786357,0.0,40.1
18.4448425305163,35.00952817803002,1.0858233219786357,0.0,40.2
18.4914609782479,35.09799693144667,1.0858233219786357,0.0,40.300000000000004
18.538079425979504,35.18646568486332,1.0858233219786357,0.0,40.400000000000006
18.5846978737111,35.27493443827997,1.0858233219786357,0.0,40.5
18.6313163214427,35.36340319169662,1.0858233219786357,0.0,40.6
18.677934769174303,35.45187194511327,1.0858233219786357,0.0,40.7
18.724553216905903,35.540340698529924,1.0858233219786357,0.0,40.800000000000004
18.771171664637503,35.62880945194657,1.0858233219786357,0.0,40.900000000000006
18.817790112369103,35.71727820536322,1.0858233219786357,0.0,41.0
18.864408560100703,35.80574695877987,1.0858233219786357,0.0,41.1
18.911027007832303,35.89421571219652,1.0858233219786357,0.0,41.2
18.957645455563906,35.982684465613175,1.0858233219786357,0.0,41.300000000000004
19.004263903295506,36.071153219029824,1.0858233219786357,0.0,41.400000000000006
19.050882351027102,36.159621972446466,1.0858233219786357,0.0,41.5
19.097500798758706,36.24809072586312,1.0858233219786357,0.0,41.6
19.144119246490305,36.33655947927977,1.0858233219786357,0.0,41.7
19.190737694221905,36.42502823269643,1.0858233219786357,0.0,41.800000000000004
19.23735614195351,36.513496986113076,1.0858233219786357,0.0,41.900000000000006
19.283974589685105,36.60196573952972,1.0858233219786357,0.0,42.0
19.330593037416705,36.69043449294637,1.0858233219786357,0.0,42.1
19.377211485148305,36.77890324636302,1.0858233219786357,0.0,42.2
19.423829932879908,36.86737199977968,1.0858233219786357,0.0,42.300000000000004
19.470448380611508,36.95584075319633,1.0858233219786357,0.0,42.400000000000006
19.517066828343104,37.04430950661297,1.0858233219786357,0.0,42.5
19.563685276074708,37.132778260029625,1.0858233219786357,0.0,42.6
19.610303723806307,37.22124701344627,1.0858233219786357,0.0,42.7
19.656922171537907,37.30971576686292,1.0858233219786357,0.0,42.800000000000004
19.70354061926951,37.39818452027958,1.0858233219786357,0.0,42.900000000000006
19.750159067001107,37.48665327369622,1.0858233219786357,0.0,43.0
19.796777514732707,37.575122027112876,1.0858233219786357,0.0,43.1
19.84339596246431,37.663590780529525,1.0858233219786357,0.0,43.2
19.89001441019591,37.75205953394617,1.0858233219786357,0.0,43.300000000000004
19.93663285792751,37.84052828736283,1.0858233219786357,0.0,43.400000000000006
19.98325130565911,37.92899704077947,1.0858233219786357,0.0,43.5
20.02986975339071,38.01746579419613,1.0858233219786357,0.0,43.6
20.07648820112231,38.105934547612776,1.0858233219786357,0.0,43.7
20.123106648853913,38.194403301029425,1.0858233219786357,0.0,43.800000000000004
20.169725096585513,38.28287205444608,1.0858233219786357,0.0,43.900000000000006
20.21634354431711,38.37134080786272,1.0858233219786357,0.0,44.0
20.262961992048712,38.45980956127938,1.0858233219786357,0.0,44.1
20.309580439780312,38.54827831469603,1.0858233219786357,0.0,44.2
20.356198887511912,38.636747068112676,1.0858233219786357,0.0,44.300000000000004
20.402817335243512,38.72521582152933,1.0858233219786357,0.0,44.400000000000006
20.44943578297511,38.813684574945974,1.0858233219786357,0.0,44.5
20.49605423070671,38.90215332836262,1.0858233219786357,0.0,44.6
20.54267267843831,38.99062208177928,1.0858233219786357,0.0,44.7
20.589291126169915,39.07909083519593,1.0858233219786357,0.0,44.800000000000004
20.635909573901515,39.16755958861258,1.0858233219786357,0.0,44.900000000000006
20.68252802163311,39.256028342029225,1.0858233219786357,0.0,45.0
20.729146469364714,39.344497095445874,1.0858233219786357,0.0,45.1
20.775764917096314,39.43296584886253,1.0858233219786357,0.0,45.2
20.822383364827914,39.52143460227918,1.0858233219786357,0.0,45.300000000000004
20.869001812559517,39.609903355695835,1.0858233219786357,0.0,45.400000000000006
20.915620260291114,39.698372109112476,1.0858233219786357,0.0,45.5
20.962238708022713,39.786840862529125,1.0858233219786357,0.0,45.6
21.008857155754317,39.87530961594578,1.0858233219786357,0.0,45.7
21.055475603485917,39.96377836936243,1.0858233219786357,0.0,45.800000000000004
21.102094051217517,40.05224712277908,1.0858233219786357,0.0,45.900000000000006
21.148712498949116,40.14071587619573,1.0858233219786357,0.0,46.0
21.195330946680716,40.22918462961238,1.0858233219786357,0.0,46.1
21.241949394412316,40.31765338302903,1.0858233219786357,0.0,46.2
21.28856784214392,40.40612213644568,1.0858233219786357,0.0,46.300000000000004
21.33518628987552,40.49459088986233,1.0858233219786357,0.0,46.400000000000006
21.381804737607116,40.58305964327898,1.0858233219786357,0.0,46.5
21.42842318533872,40.67152839669563,1.0858233219786357,0.0,46.6
21.47504163307032,40.759997150112284,1.0858233219786357,0.0,46.7
21.52166008080192,40.84846590352893,1.0858233219786357,0.0,46.800000000000004
21.56827852853352,40.93693465694558,1.0858233219786357,0.0,46.900000000000006
21.61489697626512,41.02540341036223,1.0858233219786357,0.0,47.0
21.66151542399672,41.11387216377888,1.0858233219786357,0.0,47.1
21.708133871728318,41.202340917195535,1.0858233219786357,0.0,47.2
21.75475231945992,41.290809670612184,1.0858233219786357,0.0,47.300000000000004
21.80137076719152,41.37927842402883,1.0858233219786357,0.0,47.400000000000006
21.847989214923118,41.46774717744548,1.0858233219786357,0.0,47.5
21.89460766265472,41.55621593086213,1.0858233219786357,0.0,47.6
21.94122611038632,41.644684684278786,1.0858233219786357,0.0,47.7
21.98784455811792,41.733153437695435,1.0858233219786357,0.0,47.800000000000004
22.034463005849524,41.821622191112084,1.0858233219786357,0.0,47.900000000000006
22.08108145358112,41.91009094452873,1.0858233219786357,0.0,48.0
22.12769990131272,41.99855969794538,1.0858233219786357,0.0,48.1
22.174318349044324,42.08702845136203,1.0858233219786357,0.0,48.2
22.220936796775923,42.17549720477869,1.0858233219786357,0.0,48.300000000000004
22.267555244507523,42.263965958195335,1.0858233219786357,0.0,48.400000000000006
22.314173692239123,42.352434711611984,1.0858233219786357,0.0,48.5
22.360792139970723,42.44090346502863,1.0858233219786357,0.0,48.6
22.407410587702323,42.52937221844528,1.0858233219786357,0.0,48.7
22.454029035433926,42.61784097186194,1.0858233219786357,0.0,48.800000000000004
22.500647483165526,42.70630972527859,1.0858233219786357,0.0,48.900000000000006
22.547265930897122,42.794778478695235,1.0858233219786357,0.0,49.0
22.593884378628722,42.883247232111884,1.0858233219786357,0.0,49.1
22.640502826360326,42.97171598552853,1.0858233219786357,0.0,49.2
22.687121274091925,43.06018473894519,1.0858233219786357,0.0,49.300000000000004
22.733739721823525,43.14865349236184,1.0858233219786357,0.0,49.400000000000006
22.780358169555125,43.23712224577849,1.0858233219786357,0.0,49.5
22.826976617286725,43.325590999195136,1.0858233219786357,0.0,49.6
22.873595065018325,43.414059752611784,1.0858233219786357,0.0,49.7
22.92021351274993,43.50252850602844,1.0858233219786357,0.0,49.800000000000004
22.966831960481528,43.59099725944509,1.0858233219786357,0.0,49.900000000000006
23.013450408213124,43.67946601286174,1.0858233219786357,0.0,50.0
23.060068855944728,43.76793476627839,1.0858233219786357,0.0,50.1
23.106687303676328,43.856403519695036,1.0858233219786357,0.0,50.2
23.153305751407927,43.94487227311169,1.0858233219786357,0.0,50.300000000000004
23.19992419913953,44.03334102652834,1.0858233219786357,0.0,50.400000000000006
23.246542646871127,44.12180977994498,1.0858233219786357,0.0,50.5
23.293161094602727,44.21027853336164,1.0858233219786357,0.0,50.6
23.33977954233433,44.29874728677829,1.0858233219786357,0.0,50.7
23.38639799006593,44.38721604019494,1.0858233219786357,0.0,50.800000000000004
23.43301643779753,44.47568479361159,1.0858233219786357,0.0,50.900000000000006
23.47963488552913,44.56415354702823,1.0858233219786357,0.0,51.0
23.52625333326073,44.65262230044489,1.0858233219786357,0.0,51.1
23.57287178099233,44.74109105386154,1.0858233219786357,0.0,51.2
23.61949022872393,44.829559807278194,1.0858233219786357,0.0,51.300000000000004
23.666108676455533,44.91802856069484,1.0858233219786357,0.0,51.400000000000006
23.71272712418713,45.006497314111485,1.0858233219786357,0.0,51.5
23.75934557191873,45.09496606752814,1.0858233219786357,0.0,51.6
23.805964019650332,45.18343482094479,1.0858233219786357,0.0,51.7
23.852582467381932,45.27190357436144,1.0858233219786357,0.0,51.800000000000004
23.899200915113532,45.360372327778094,1.0858233219786357,0.0,51.900000000000006
23.945819362845132,45.448841081194736,1.0858233219786357,0.0,52.0
23.99243781057673,45.53730983461139,1.0858233219786357,0.0,52.1
24.03905625830833,45.62577858802804,1.0858233219786357,0.0,52.2
24.085674706039935,45.71424734144469,1.0858233219786357,0.0,52.300000000000004
24.132293153771535,45.802716094861346,1.0858233219786357,0.0,52.400000000000006
24.17891160150313,45.89118484827799,1.0858233219786357,0.0,52.5
24.225530049234735,45.97965360169464,1.0858233219786357,0.0,52.6
24.272148496966334,46.06812235511129,1.0858233219786357,0.0,52.7
24.318766944697934,46.15659110852794,1.0858233219786357,0.0,52.800000000000004
24.365385392429538,46.2450598619446,1.0858233219786357,0.0,52.900000000000006
24.412003840161134,46.33352861536124,1.0858233219786357,0.0,53.0
24.458622287892734,46.421997368777895,1.0858233219786357,0.0,53.1
24.505240735624337,46.51046612219454,1.0858233219786357,0.0,53.2
24.551859183355937,46.59893487561119,1.0858233219786357,0.0,53.300000000000004
24.598477631087537,46.68740362902785,1.0858233219786357,0.0,53.400000000000006
24.645096078819137,46.77587238244449,1.0858233219786357,0.0,53.5
24.691714526550737,46.864341135861146,1.0858233219786357,0.0,53.6
24.738332974282336,46.952809889277795,1.0858233219786357,0.0,53.7
24.784951422013936,47.041278642694444,1.0858233219786357,0.0,53.800000000000004
24.83156986974554,47.1297473961111,1.0858233219786357,0.0,53.900000000000006
24.878188317477136,47.21821614952774,1.0858233219786357,0.0,54.0
24.924806765208736,47.30668490294439,1.0858233219786357,0.0,54.1
24.97142521294034,47.395153656361046,1.0858233219786357,0.0,54.2
25.01804366067194,47.483622409777695,1.0858233219786357,0.0,54.300000000000004
25.06466210840354,47.57209116319435,1.0858233219786357,0.0,54.400000000000006
25.11128055613514,47.66055991661099,1.0858233219786357,0.0,54.5
25.15789900386674,47.74902867002764,1.0858233219786357,0.0,54.6
25.20451745159834,47.8374974234443,1.0858233219786357,0.0,54.7
25.25113589932994,47.925966176860946,1.0858233219786357,0.0,54.800000000000004
25.29775434706154,48.0144349302776,1.0858233219786357,0.0,54.900000000000006
25.344372794793138,48.102903683694244,1.0858233219786357,0.0,55.0
25.39099124252474,48.19137243711089,1.0858233219786357,0.0,55.1
25.43760969025634,48.27984119052755,1.0858233219786357,0.0,55.2
25.48422813798794,48.3683099439442,1.0858233219786357,0.0,55.300000000000004
25.530846585719544,48.456778697360846,1.0858233219786357,0.0,55.400000000000006
25.57746503345114,48.545247450777495,1.0858233219786357,0.0,55.5
25.62408348118274,48.633716204194144,1.0858233219786357,0.0,55.6
25.670701928914344,48.7221849576108,1.0858233219786357,0.0,55.7
25.717320376645944,48.81065371102745,1.0858233219786357,0.0,55.800000000000004
25.763938824377544,48.8991224644441,1.0858233219786357,0.0,55.900000000000006
25.81055727210914,48.987591217860746,1.0858233219786357,0.0,56.0
25.857175719840743,49.076059971277395,1.0858233219786357,0.0,56.1
25.903794167572343,49.16452872469405,1.0858233219786357,0.0,56.2
25.950412615303943,49.2529974781107,1.0858233219786357,0.0,56.300000000000004
25.997031063035546,49.34146623152735,1.0858233219786357,0.0,56.400000000000006
26.043649510767143,49.429934984944,1.0858233219786357,0.0,56.5
26.090267958498742,49.51840373836065,1.0858233219786357,0.0,56.6
26.136886406230346,49.6068724917773,1.0858233219786357,0.0,56.7
26.183504853961946,49.69534124519395,1.0858233219786357,0.0,56.800000000000004
26.230123301693546,49.7838099986106,1.0858233219786357,0.0,56.900000000000006
26.276741749425145,49.87227875202725,1.0858233219786357,0.0,57.0
26.323360197156745,49.9607475054439,1.0858233219786357,0.0,57.1
26.369978644888345,50.04921625886055,1.0858233219786357,0.0,57.2
26.41659709261995,50.1376850122772,1.0858233219786357,0.0,57.300000000000004
26.46321554035155,50.22615376569385,1.0858233219786357,0.0,57.400000000000006
26.509833988083145,50.3146225191105,1.0858233219786357,0.0,57.5
26.556452435814748,50.40309127252715,1.0858233219786357,0.0,57.6
26.603070883546348,50.4915600259438,1.0858233219786357,0.0,57.7
26.649689331277948,50.580028779360454,1.0858233219786357,0.0,57.800000000000004
26.69630777900955,50.6684975327771,1.0858233219786357,0.0,57.900000000000006
26.742926226741147,50.75696628619375,1.0858233219786357,0.0,58.0
26.789544674472747,50.8454350396104,1.0858233219786357,0.0,58.1
26.836163122204347,50.93390379302705,1.0858233219786357,0.0,58.2
26.88278156993595,51.022372546443705,1.0858233219786357,0.0,58.300000000000004
26.92940001766755,51.110841299860354,1.0858233219786357,0.0,58.400000000000006
26.976018465399147,51.199310053277,1.0858233219786357,0.0,58.5
27.02263691313075,51.28777880669365,1.0858233219786357,0.0,58.6
27.06925536086235,51.3762475601103,1.0858233219786357,0.0,58.7
27.11587380859395,51.46471631352696,1.0858233219786357,0.0,58.800000000000004
27.162492256325553,51.553185066943605,1.0858233219786357,0.0,58.900000000000006
27.20911070405715,51.641653820360254,1.0858233219786357,0.0,59.0
27.25572915178875,51.7301225737769,1.0858233219786357,0.0,59.1
27.302347599520353,51.81859132719355,1.0858233219786357,0.0,59.2
27.348966047251952,51.90706008061021,1.0858233219786357,0.0,59.300000000000004
27.395584494983552,51.99552883402686,1.0858233219786357,0.0,59.400000000000006
27.442202942715152,52.0839975874435,1.0858233219786357,0.0,59.5
27.488821390446752,52.172466340860154,1.0858233219786357,0.0,59.6
27.535439838178352,52.2609350942768,1.0858233219786357,0.0,59.7
27.582058285909955,52.34940384769346,1.0858233219786357,0.0,59.800000000000004
27.628676733641555,52.43787260111011,1.0858233219786357,0.0,59.900000000000006
27.67529518137315,52.52634135452675,1.0858233219786357,0.0,60.0
27.721913629104755,52.614810107943406,1.0858233219786357,0.0,60.1
27.768532076836355,52.703278861360054,1.0858233219786357,0.0,60.2
27.815150524567954,52.79174761477671,1.0858233219786357,0.0,60.300000000000004
27.861768972299554,52.88021636819336,1.0858233219786357,0.0,60.400000000000006
27.908387420031154,52.96868512161,1.0858233219786357,0.0,60.5
27.955005867762754,53.05715387502666,1.0858233219786357,0.0,60.6
28.001624315494354,53.145622628443306,1.0858233219786357,0.0,60.7
28.048242763225957,53.234091381859955,1.0858233219786357,0.0,60.800000000000004
28.094861210957557,53.32256013527661,1.0858233219786357,0.0,60.900000000000006
28.141479658689153,53.41102888869325,1.0858233219786357,0.0,61.0
28.188098106420757,53.49949764210991,1.0858233219786357,0.0,61.1
28.234716554152357,53.58796639552656,1.0858233219786357,0.0,61.2
28.281335001883956,53.676435148943206,1.0858233219786357,0.0,61.300000000000004
28.32795344961556,53.76490390235986,1.0858233219786357,0.0,61.400000000000006
28.374571897347156,53.853372655776504,1.0858233219786357,0.0,61.5
28.421190345078756,53.94184140919316,1.0858233219786357,0.0,61.6
28.46780879281036,54.03031016260981,1.0858233219786357,0.0,61.7
28.51442724054196,54.11877891602646,1.0858233219786357,0.0,61.800000000000004
28.56104568827356,54.20724766944311,1.0858233219786357,0.0,61.900000000000006
28.60766413600516,54.295716422859755,1.0858233219786357,0.0,62.0
28.65428258373676,54.38418517627641,1.0858233219786357,0.0,62.1
28.70090103146836,54.47265392969306,1.0858233219786357,0.0,62.2
28.747519479199962,54.56112268310971,1.0858233219786357,0.0,62.300000000000004
28.794137926931562,54.649591436526364,1.0858233219786357,0.0,62.400000000000006
28.840756374663158,54.738060189943006,1.0858233219786357,0.0,62.5
28.88737482239476,54.82652894335966,1.0858233219786357,0.0,62.6
28.93399327012636,54.91499769677631,1.0858233219786357,0.0,62.7
28.98061171785796,55.00346645019296,1.0858233219786357,0.0,62.800000000000004
29.02723016558956,55.091935203609616,1.0858233219786357,0.0,62.900000000000006
29.07384861332116,55.18040395702626,1.0858233219786357,0.0,63.0
29.12046706105276,55.268872710442906,1.0858233219786357,0.0,63.1
29.16708550878436,55.35734146385956,1.0858233219786357,0.0,63.2
29.213703956515964,55.44581021727621,1.0858233219786357,0.0,63.300000000000004
29.260322404247564,55.53427897069287,1.0858233219786357,0.0,63.400000000000006
29.30694085197916,55.62274772410951,1.0858233219786357,0.0,63.5
29.353559299710763,55.71121647752616,1.0858233219786357,0.0,63.6
29.400177747442363,55.79968523094281,1.0858233219786357,0.0,63.7
29.446796195173963,55.88815398435946,1.0858233219786357,0.0,63.800000000000004
29.493414642905567,55.97662273777612,1.0858233219786357,0.0,63.900000000000006
29.540033090637163,56.06509149119276,1.0858233219786357,0.0,64.0
29.586651538368766,56.153560244609416,1.0858233219786357,0.0,64.10000000000001
29.633269986100366,56.242028998026065,1.0858233219786357,0.0,64.2
29.679888433831962,56.33049775144271,1.0858233219786357,0.0,64.3
29.726506881563566,56.41896650485936,1.0858233219786357,0.0,64.4
29.773125329295166,56.50743525827601,1.0858233219786357,0.0,64.5
29.81974377702677,56.59590401169267,1.0858233219786357,0.0,64.60000000000001
29.866362224758365,56.684372765109316,1.0858233219786357,0.0,64.7
29.912980672489965,56.77284151852596,1.0858233219786357,0.0,64.8
29.95959912022157,56.861310271942614,1.0858233219786357,0.0,64.9
30.006217567953165,56.94977902535926,1.0858233219786357,0.0,65.0
30.05283601568477,57.03824777877592,1.0858233219786357,0.0,65.10000000000001
30.099454463416368,57.12671653219257,1.0858233219786357,0.0,65.2
30.146072911147964,57.21518528560921,1.0858233219786357,0.0,65.3
30.192691358879568,57.303654039025865,1.0858233219786357,0.0,65.4
30.239309806611168,57.392122792442514,1.0858233219786357,0.0,65.5
30.28592825434277,57.48059154585917,1.0858233219786357,0.0,65.60000000000001
30.332546702074367,57.56906029927582,1.0858233219786357,0.0,65.7
30.379165149805967,57.65752905269246,1.0858233219786357,0.0,65.8
30.42578359753757,57.745997806109116,1.0858233219786357,0.0,65.9
30.472402045269167,57.834466559525765,1.0858233219786357,0.0,66.0
30.519020493000774,57.92293531294242,1.0858233219786357,0.0,66.10000000000001
30.56563894073237,58.01140406635907,1.0858233219786357,0.0,66.2
30.612257388463966,58.09987281977571,1.0858233219786357,0.0,66.3
30.658875836195573,58.18834157319237,1.0858233219786357,0.0,66.4
30.70549428392717,58.27681032660902,1.0858233219786357,0.0,66.5
30.752112731658773,58.36527908002567,1.0858233219786357,0.0,66.60000000000001
30.798731179390373,58.453747833442314,1.0858233219786357,0.0,66.7
30.84534962712197,58.54221658685896,1.0858233219786357,0.0,66.8
30.891968074853573,58.63068534027562,1.0858233219786357,0.0,66.9
30.938586522585172,58.71915409369227,1.0858233219786357,0.0,67.0
30.985204970316776,58.807622847108924,1.0858233219786357,0.0,67.10000000000001
31.031823418048372,58.896091600525565,1.0858233219786357,0.0,67.2
31.078441865779972,58.984560353942214,1.0858233219786357,0.0,67.3
31.125060313511575,59.07302910735887,1.0858233219786357,0.0,67.4
31.17167876124317,59.16149786077552,1.0858233219786357,0.0,67.5
31.218297208974775,59.249966614192175,1.0858233219786357,0.0,67.60000000000001
31.264915656706375,59.33843536760882,1.0858233219786357,0.0,67.7
31.31153410443797,59.426904121025466,1.0858233219786357,0.0,67.8
31.358152552169575,59.51537287444212,1.0858233219786357,0.0,67.9
31.404770999901174,59.60384162785877,1.0858233219786357,0.0,68.0
31.451389447632778,59.692310381275426,1.0858233219786357,0.0,68.10000000000001
31.498007895364374,59.78077913469207,1.0858233219786357,0.0,68.2
31.544626343095974,59.86924788810872,1.0858233219786357,0.0,68.3
31.591244790827577,59.95771664152537,1.0858233219786357,0.0,68.4
31.637863238559174,60.04618539494202,1.0858233219786357,0.0,68.5
31.68448168629078,60.13465414835868,1.0858233219786357,0.0,68.60000000000001
31.731100134022373,60.22312290177532,1.0858233219786357,0.0,68.7
31.777718581753977,60.31159165519197,1.0858233219786357,0.0,68.8
31.82433702948558,60.400060408608624,1.0858233219786357,0.0,68.9
31.870955477217176,60.488529162025266,1.0858233219786357,0.0,69.0
31.91757392494878,60.57699791544193,1.0858233219786357,0.0,69.10000000000001
31.964192372680376,60.66546666885857,1.0858233219786357,0.0,69.2
32.010810820411976,60.75393542227522,1.0858233219786357,0.0,69.3
32.05742926814358,60.842404175691875,1.0858233219786357,0.0,69.4
32.10404771587518,60.93087292910852,1.0858233219786357,0.0,69.5
32.150666163606786,61.01934168252518,1.0858233219786357,0.0,69.60000000000001
32.197284611338375,61.10781043594182,1.0858233219786357,0.0,69.7
32.24390305906998,61.19627918935847,1.0858233219786357,0.0,69.8
32.29052150680158,61.28474794277513,1.0858233219786357,0.0,69.9
32.337139954533185,61.37321669619177,1.0858233219786357,0.0,70.0
32.38375840226479,61.46168544960843,1.0858233219786357,0.0,70.10000000000001
32.43037684999638,61.55015420302507,1.0858233219786357,0.0,70.2
32.47699529772798,61.63862295644172,1.0858233219786357,0.0,70.3
32.523613745459585,61.72709170985838,1.0858233219786357,0.0,70.4
32.570232193191174,61.81556046327502,1.0858233219786357,0.0,70.5
32.61685064092278,61.90402921669168,1.0858233219786357,0.0,70.60000000000001
32.66346908865438,61.992497970108325,1.0858233219786357,0.0,70.7
32.710087536385984,62.08096672352497,1.0858233219786357,0.0,70.8
32.75670598411759,62.16943547694163,1.0858233219786357,0.0,70.9
32.80332443184918,62.25790423035827,1.0858233219786357,0.0,71.0
32.84994287958078,62.34637298377493,1.0858233219786357,0.0,71.10000000000001
32.896561327312384,62.434841737191576,1.0858233219786357,0.0,71.2
32.94317977504399,62.52331049060822,1.0858233219786357,0.0,71.3
32.98979822277559,62.61177924402488,1.0858233219786357,0.0,71.4
33.03641667050718,62.70024799744152,1.0858233219786357,0.0,71.5
33.08303511823878,62.78871675085818,1.0858233219786357,0.0,71.60000000000001
33.129653565970386,62.87718550427483,1.0858233219786357,0.0,71.7
33.176272013701976,62.96565425769147,1.0858233219786357,0.0,71.8
33.22289046143359,63.05412301110813,1.0858233219786357,0.0,71.9
33.26950890916518,63.142591764524774,1.0858233219786357,0.0,72.0
33.316127356896786,63.23106051794143,1.0858233219786357,0.0,72.10000000000001
33.36274580462839,63.31952927135808,1.0858233219786357,0.0,72.2
33.40936425235998,63.40799802477472,1.0858233219786357,0.0,72.3
33.45598270009158,63.49646677819138,1.0858233219786357,0.0,72.4
33.502601147823185,63.58493553160803,1.0858233219786357,0.0,72.5
33.54921959555479,63.67340428502468,1.0858233219786357,0.0,72.60000000000001
33.59583804328639,63.76187303844133,1.0858233219786357,0.0,72.7
33.64245649101798,63.85034179185798,1.0858233219786357,0.0,72.8
33.689074938749584,63.93881054527463,1.0858233219786357,0.0,72.9
33.73569338648119,64.02727929869128,1.0858233219786357,0.0,73.0
33.78231183421279,64.11574805210795,1.0858233219786357,0.0,73.10000000000001
33.828930281944395,64.20421680552458,1.0858233219786357,0.0,73.2
33.875548729675984,64.29268555894123,1.0858233219786357,0.0,73.3
33.92216717740759,64.38115431235789,1.0858233219786357,0.0,73.4
33.96878562513919,64.46962306577453,1.0858233219786357,0.0,73.5
34.015404072870794,64.55809181919119,1.0858233219786357,0.0,73.60000000000001
34.06202252060238,64.64656057260784,1.0858233219786357,0.0,73.7
34.10864096833399,64.73502932602449,1.0858233219786357,0.0,73.8
34.15525941606559,64.82349807944114,1.0858233219786357,0.0,73.9
34.20187786379719,64.91196683285779,1.0858233219786357,0.0,74.0
34.2484963115288,65.00043558627445,1.0858233219786357,0.0,74.10000000000001
34.295114759260386,65.08890433969108,1.0858233219786357,0.0,74.2
34.34173320699199,65.17737309310773,1.0858233219786357,0.0,74.3
34.38835165472359,65.2658418465244,1.0858233219786357,0.0,74.4
34.434970102455196,65.35431059994103,1.0858233219786357,0.0,74.5
34.4815885501868,65.4427793533577,1.0858233219786357,0.0,74.60000000000001
34.52820699791839,65.53124810677434,1.0858233219786357,0.0,74.7
34.57482544564999,65.61971686019099,1.0858233219786357,0.0,74.8
34.621443893381596,65.70818561360764,1.0858233219786357,0.0,74.9
34.6680623411132,65.79665436702429,1.0858233219786357,0.0,75.0
34.7146807888448,65.88512312044095,1.0858233219786357,0.0,75.10000000000001
34.76129923657639,65.97359187385759,1.0858233219786357,0.0,75.2
34.807917684307995,66.06206062727424,1.0858233219786357,0.0,75.3
34.8545361320396,66.1505293806909,1.0858233219786357,0.0,75.4
34.90115457977119,66.23899813410753,1.0858233219786357,0.0,75.5
34.94777302750279,66.3274668875242,1.0858233219786357,0.0,75.60000000000001
34.994391475234394,66.41593564094084,1.0858233219786357,0.0,75.7
35.041009922966,66.50440439435748,1.0858233219786357,0.0,75.8
35.0876283706976,66.59287314777414,1.0858233219786357,0.0,75.9
35.13424681842919,66.68134190119079,1.0858233219786357,0.0,76.0
35.180865266160794,66.76981065460744,1.0858233219786357,0.0,76.10000000000001
35.2274837138924,66.85827940802409,1.0858233219786357,0.0,76.2
35.274102161624,66.94674816144074,1.0858233219786357,0.0,76.3
35.320720609355604,67.0352169148574,1.0858233219786357,0.0,76.4
35.36733905708719,67.12368566827404,1.0858233219786357,0.0,76.5
35.4139575048188,67.2121544216907,1.0858233219786357,0.0,76.60000000000001
35.4605759525504,67.30062317510735,1.0858233219786357,0.0,76.7
35.507194400282,67.389091928524,1.0858233219786357,0.0,76.80000000000001
35.55381284801361,67.47756068194064,1.0858233219786357,0.0,76.9
35.600431295745196,67.5660294353573,1.0858233219786357,0.0,77.0
35.6470497434768,67.65449818877394,1.0858233219786357,0.0,77.10000000000001
35.6936681912084,67.74296694219059,1.0858233219786357,0.0,77.2
35.740286638940006,67.83143569560725,1.0858233219786357,0.0,77.30000000000001
35.786905086671595,67.9199044490239,1.0858233219786357,0.0,77.4
35.8335235344032,68.00837320244054,1.0858233219786357,0.0,77.5
35.8801419821348,68.0968419558572,1.0858233219786357,0.0,77.60000000000001
35.926760429866405,68.18531070927385,1.0858233219786357,0.0,77.7
35.97337887759801,68.2737794626905,1.0858233219786357,0.0,77.80000000000001
36.0199973253296,68.36224821610715,1.0858233219786357,0.0,77.9
36.0666157730612,68.4507169695238,1.0858233219786357,0.0,78.0
36.113234220792805,68.53918572294045,1.0858233219786357,0.0,78.10000000000001
36.15985266852441,68.6276544763571,1.0858233219786357,0.0,78.2
36.20647111625601,68.71612322977376,1.0858233219786357,0.0,78.30000000000001
36.2530895639876,68.80459198319039,1.0858233219786357,0.0,78.4
36.299708011719204,68.89306073660704,1.0858233219786357,0.0,78.5
36.34632645945081,68.9815294900237,1.0858233219786357,0.0,78.60000000000001
36.3929449071824,69.06999824344035,1.0858233219786357,0.0,78.7
36.439563354914014,69.158466996857,1.0858233219786357,0.0,78.80000000000001
36.4861818026456,69.24693575027365,1.0858233219786357,0.0,78.9
36.53280025037721,69.3354045036903,1.0858233219786357,0.0,79.0
36.57941869810881,69.42387325710695,1.0858233219786357,0.0,79.10000000000001
36.6260371458404,69.5123420105236,1.0858233219786357,0.0,79.2
36.672655593572,69.60081076394026,1.0858233219786357,0.0,79.30000000000001
36.719274041303606,69.6892795173569,1.0858233219786357,0.0,79.4
36.76589248903521,69.77774827077354,1.0858233219786357,0.0,79.5
36.81251093676681,69.8662170241902,1.0858233219786357,0.0,79.60000000000001
36.8591293844984,69.95468577760685,1.0858233219786357,0.0,79.7
36.905747832230006,70.0431545310235,1.0858233219786357,0.0,79.80000000000001
36.95236627996161,70.13162328444015,1.0858233219786357,0.0,79.9
36.99898472769321,70.2200920378568,1.0858233219786357,0.0,80.0
37.045603175424816,70.30856079127345,1.0858233219786357,0.0,80.10000000000001
37.092221623156405,70.3970295446901,1.0858233219786357,0.0,80.2
37.13884007088801,70.48549829810676,1.0858233219786357,0.0,80.30000000000001
37.18545851861961,70.5739670515234,1.0858233219786357,0.0,80.4
37.2320769663512,70.66243580494005,1.0858233219786357,0.0,80.5
37.278695414082804,70.75090455835671,1.0858233219786357,0.0,80.60000000000001
37.32531386181441,70.83937331177334,1.0858233219786357,0.0,80.7
37.37193230954601,70.92784206519,1.0858233219786357,0.0,80.80000000000001
37.418550757277615,71.01631081860666,1.0858233219786357,0.0,80.9
37.465169205009204,71.1047795720233,1.0858233219786357,0.0,81.0
37.51178765274081,71.19324832543995,1.0858233219786357,0.0,81.10000000000001
37.55840610047241,71.2817170788566,1.0858233219786357,0.0,81.2
37.605024548204014,71.37018583227326,1.0858233219786357,0.0,81.30000000000001
37.65164299593562,71.4586545856899,1.0858233219786357,0.0,81.4
37.69826144366721,71.54712333910655,1.0858233219786357,0.0,81.5
37.74487989139881,71.63559209252321,1.0858233219786357,0.0,81.60000000000001
37.79149833913041,71.72406084593985,1.0858233219786357,0.0,81.7
37.83811678686202,71.81252959935651,1.0858233219786357,0.0,81.80000000000001
37.88473523459362,71.90099835277316,1.0858233219786357,0.0,81.9
37.93135368232521,71.9894671061898,1.0858233219786357,0.0,82.0
37.97797213005681,72.07793585960646,1.0858233219786357,0.0,82.10000000000001
38.024590577788416,72.1664046130231,1.0858233219786357,0.0,82.2
38.07120902552002,72.25487336643977,1.0858233219786357,0.0,82.30000000000001
38.11782747325161,72.3433421198564,1.0858233219786357,0.0,82.4
38.16444592098321,72.43181087327305,1.0858233219786357,0.0,82.5
38.211064368714815,72.52027962668971,1.0858233219786357,0.0,82.60000000000001
38.25768281644642,72.60874838010635,1.0858233219786357,0.0,82.7
38.30430126417802,72.69721713352301,1.0858233219786357,0.0,82.80000000000001
38.35091971190961,72.78568588693966,1.0858233219786357,0.0,82.9
38.397538159641215,72.8741546403563,1.0858233219786357,0.0,83.0
38.44415660737282,72.96262339377296,1.0858233219786357,0.0,83.10000000000001
38.49077505510442,73.0510921471896,1.0858233219786357,0.0,83.2
38.537393502836025,73.13956090060626,1.0858233219786357,0.0,83.30000000000001
38.584011950567614,73.2280296540229,1.0858233219786357,0.0,83.4
38.63063039829922,73.31649840743955,1.0858233219786357,0.0,83.5
38.67724884603082,73.40496716085622,1.0858233219786357,0.0,83.60000000000001
38.72386729376241,73.49343591427285,1.0858233219786357,0.0,83.7
38.77048574149403,73.58190466768951,1.0858233219786357,0.0,83.80000000000001
38.81710418922562,73.67037342110616,1.0858233219786357,0.0,83.9
38.86372263695722,73.7588421745228,1.0858233219786357,0.0,84.0
38.910341084688824,73.84731092793946,1.0858233219786357,0.0,84.10000000000001
38.95695953242041,73.93577968135611,1.0858233219786357,0.0,84.2
39.003577980152016,74.02424843477276,1.0858233219786357,0.0,84.30000000000001
39.05019642788362,74.11271718818941,1.0858233219786357,0.0,84.4
39.09681487561522,74.20118594160606,1.0858233219786357,0.0,84.5
39.14343332334683,74.28965469502272,1.0858233219786357,0.0,84.60000000000001
39.190051771078416,74.37812344843935,1.0858233219786357,0.0,84.7
39.23667021881002,74.46659220185602,1.0858233219786357,0.0,84.80000000000001
39.28328866654162,74.55506095527267,1.0858233219786357,0.0,84.9
39.32990711427321,74.6435297086893,1.0858233219786357,0.0,85.0
39.37652556200483,74.73199846210596,1.0858233219786357,0.0,85.10000000000001
39.42314400973642,74.82046721552261,1.0858233219786357,0.0,85.2
39.46976245746802,74.90893596893926,1.0858233219786357,0.0,85.30000000000001
39.516380905199625,74.99740472235591,1.0858233219786357,0.0,85.4
39.562999352931215,75.08587347577256,1.0858233219786357,0.0,85.5
39.60961780066282,75.17434222918921,1.0858233219786357,0.0,85.60000000000001
39.65623624839442,75.26281098260586,1.0858233219786357,0.0,85.7
39.702854696126025,75.35127973602252,1.0858233219786357,0.0,85.80000000000001
39.74947314385763,75.43974848943917,1.0858233219786357,0.0,85.9
39.79609159158922,75.5282172428558,1.0858233219786357,0.0,86.0
39.84271003932082,75.61668599627247,1.0858233219786357,0.0,86.10000000000001
39.889328487052424,75.70515474968911,1.0858233219786357,0.0,86.2
39.93594693478403,75.79362350310576,1.0858233219786357,0.0,86.30000000000001
39.98256538251563,75.88209225652241,1.0858233219786357,0.0,86.4
40.02918383024722,75.97056100993906,1.0858233219786357,0.0,86.5
40.07580227797882,76.05902976335571,1.0858233219786357,0.0,86.60000000000001
40.12242072571043,76.14749851677236,1.0858233219786357,0.0,86.7
40.16903917344203,76.23596727018902,1.0858233219786357,0.0,86.80000000000001
40.21565762117362,76.32443602360567,1.0858233219786357,0.0,86.9
40.26227606890522,76.4129047770223,1.0858233219786357,0.0,87.0
40.308894516636826,76.50137353043897,1.0858233219786357,0.0,87.10000000000001
40.35551296436843,76.58984228385562,1.0858233219786357,0.0,87.2
40.40213141210003,76.67831103727227,1.0858233219786357,0.0,87.30000000000001
40.44874985983162,76.76677979068891,1.0858233219786357,0.0,87.4
40.495368307563226,76.85524854410556,1.0858233219786357,0.0,87.5
40.54198675529483,76.94371729752221,1.0858233219786357,0.0,87.60000000000001
40.58860520302643,77.03218605093886,1.0858233219786357,0.0,87.7
40.635223650758036,77.12065480435552,1.0858233219786357,0.0,87.80000000000001
40.681842098489625,77.20912355777216,1.0858233219786357,0.0,87.9
40.72846054622123,77.29759231118881,1.0858233219786357,0.0,88.0
40.77507899395283,77.38606106460547,1.0858233219786357,0.0,88.10000000000001
40.821697441684435,77.47452981802212,1.0858233219786357,0.0,88.2
40.86831588941604,77.56299857143877,1.0858233219786357,0.0,88.30000000000001
40.91493433714763,77.65146732485542,1.0858233219786357,0.0,88.4
40.96155278487923,77.73993607827207,1.0858233219786357,0.0,88.5
41.008171232610835,77.82840483168872,1.0858233219786357,0.0,88.60000000000001
41.054789680342424,77.91687358510536,1.0858233219786357,0.0,88.7
41.10140812807403,78.00534233852203,1.0858233219786357,0.0,88.80000000000001
41.14802657580563,78.09381109193866,1.0858233219786357,0.0,88.9
41.194645023537234,78.18227984535531,1.0858233219786357,0.0,89.0
41.24126347126884,78.27074859877197,1.0858233219786357,0.0,89.10000000000001
41.28788191900043,78.35921735218861,1.0858233219786357,0.0,89.2
41.33450036673203,78.44768610560527,1.0858233219786357,0.0,89.30000000000001
41.38111881446363,78.53615485902192,1.0858233219786357,0.0,89.4
41.42773726219524,78.62462361243857,1.0858233219786357,0.0,89.5
41.47435570992684,78.71309236585522,1.0858233219786357,0.0,89.60000000000001
41.52097415765843,78.80156111927187,1.0858233219786357,0.0,89.7
41.56759260539003,78.89002987268853,1.0858233219786357,0.0,89.80000000000001
41.614211053121636,78.97849862610516,1.0858233219786357,0.0,89.9
41.660829500853225,79.06696737952181,1.0858233219786357,0.0,90.0
41.70744794858484,79.15543613293848,1.0858233219786357,0.0,90.10000000000001
41.75406639631643,79.24390488635511,1.0858233219786357,0.0,90.2
41.800684844048035,79.33237363977177,1.0858233219786357,0.0,90.30000000000001
41.84730329177964,79.42084239318842,1.0858233219786357,0.0,90.4
41.89392173951123,79.50931114660507,1.0858233219786357,0.0,90.5
41.94054018724283,79.59777990002172,1.0858233219786357,0.0,90.60000000000001
41.987158634974435,79.68624865343837,1.0858233219786357,0.0,90.7
42.03377708270604,79.77471740685503,1.0858233219786357,0.0,90.80000000000001
42.08039553043764,79.86318616027167,1.0858233219786357,0.0,90.9
42.12701397816923,79.95165491368832,1.0858233219786357,0.0,91.0
42.173632425900834,80.04012366710498,1.0858233219786357,0.0,91.10000000000001
42.22025087363244,80.12859242052161,1.0858233219786357,0.0,91.2
42.26686932136404,80.21706117393828,1.0858233219786357,0.0,91.30000000000001
42.313487769095644,80.30552992735493,1.0858233219786357,0.0,91.4
42.36010621682723,80.39399868077156,1.0858233219786357,0.0,91.5
42.40672466455884,80.48246743418822,1.0858233219786357,0.0,91.60000000000001
42.45334311229044,80.57093618760487,1.0858233219786357,0.0,91.7
42.499961560022044,80.65940494102152,1.0858233219786357,0.0,91.80000000000001
42.54658000775363,80.74787369443817,1.0858233219786357,0.0,91.9
