-3.5492802128833683,2.5895840202285925,1.0892214194410343,0.0,0.0
-3.502962659172594,2.678210676592519,1.0892214194410343,0.0,0.1
-3.4566451054618197,2.7668373329564457,1.0892214194410343,0.0,0.2
-3.410327551751045,2.855463989320372,1.0892214194410343,0.0,0.30000000000000004
-3.3640099980402707,2.944090645684299,1.0892214194410343,0.0,0.4
-3.3176924443294964,3.0327173020482254,1.0892214194410343,0.0,0.5
-3.271374890618722,3.121343958412152,1.0892214194410343,0.0,0.6000000000000001
-3.2250573369079474,3.2099706147760787,1.0892214194410343,0.0,0.7000000000000001
-3.178739783197173,3.298597271140005,1.0892214194410343,0.0,0.8
-3.132422229486399,3.387223927503932,1.0892214194410343,0.0,0.9
-3.0861046757756245,3.4758505838678584,1.0892214194410343,0.0,1.0
-3.0397871220648502,3.564477240231785,1.0892214194410343,0.0,1.1
-2.9934695683540755,3.6531038965957117,1.0892214194410343,0.0,1.2000000000000002
-2.9471520146433012,3.7417305529596385,1.0892214194410343,0.0,1.3
-2.900834460932527,3.830357209323565,1.0892214194410343,0.0,1.4000000000000001
-2.8545169072217527,3.9189838656874914,1.0892214194410343,0.0,1.5
-2.808199353510978,4.007610522051418,1.0892214194410343,0.0,1.6
-2.7618817998002037,4.096237178415345,1.0892214194410343,0.0,1.7000000000000002
-2.7155642460894294,4.1848638347792715,1.0892214194410343,0.0,1.8
-2.669246692378655,4.273490491143198,1.0892214194410343,0.0,1.9000000000000001
-2.622929138667881,4.362117147507124,1.0892214194410343,0.0,2.0
-2.5766115849571065,4.450743803871051,1.0892214194410343,0.0,2.1
-2.530294031246332,4.539370460234977,1.0892214194410343,0.0,2.2
-2.4839764775355575,4.6279971165989044,1.0892214194410343,0.0,2.3000000000000003
-2.4376589238247828,4.716623772962831,1.0892214194410343,0.0,2.4000000000000004
-2.3913413701140085,4.805250429326757,1.0892214194410343,0.0,2.5
-2.345023816403234,4.893877085690685,1.0892214194410343,0.0,2.6
-2.29870626269246,4.982503742054611,1.0892214194410343,0.0,2.7
-2.2523887089816856,5.071130398418537,1.0892214194410343,0.0,2.8000000000000003
-2.2060711552709114,5.159757054782464,1.0892214194410343,0.0,2.9000000000000004
-2.159753601560137,5.24838371114639,1.0892214194410343,0.0,3.0
-2.113436047849363,5.337010367510317,1.0892214194410343,0.0,3.1
-2.067118494138588,5.425637023874243,1.0892214194410343,0.0,3.2
-2.0208009404278133,5.51426368023817,1.0892214194410343,0.0,3.3000000000000003
-1.9744833867170393,5.602890336602097,1.0892214194410343,0.0,3.4000000000000004
-1.928165833006265,5.691516992966023,1.0892214194410343,0.0,3.5
-1.8818482792954907,5.7801436493299505,1.0892214194410343,0.0,3.6
-1.8355307255847162,5.868770305693877,1.0892214194410343,0.0,3.7
-1.7892131718739417,5.957396962057803,1.0892214194410343,0.0,3.8000000000000003
-1.7428956181631674,6.04602361842173,1.0892214194410343,0.0,3.9000000000000004
-1.6965780644523931,6.134650274785656,1.0892214194410343,0.0,4.0
-1.6502605107416184,6.223276931149583,1.0892214194410343,0.0,4.1000000000000005
-1.6039429570308443,6.311903587513509,1.0892214194410343,0.0,4.2
-1.55762540332007,6.400530243877435,1.0892214194410343,0.0,4.3
-1.5113078496092953,6.489156900241363,1.0892214194410343,0.0,4.4
-1.464990295898521,6.577783556605289,1.0892214194410343,0.0,4.5
-1.4186727421877467,6.666410212969216,1.0892214194410343,0.0,4.6000000000000005
-1.3723551884769725,6.755036869333143,1.0892214194410343,0.0,4.7
-1.3260376347661977,6.843663525697069,1.0892214194410343,0.0,4.800000000000001
-1.2797200810554235,6.932290182060996,1.0892214194410343,0.0,4.9
-1.2334025273446492,7.020916838424922,1.0892214194410343,0.0,5.0
-1.1870849736338749,7.109543494788849,1.0892214194410343,0.0,5.1000000000000005
-1.1407674199231006,7.198170151152776,1.0892214194410343,0.0,5.2
-1.0944498662123259,7.286796807516702,1.0892214194410343,0.0,5.300000000000001
-1.0481323125015516,7.375423463880629,1.0892214194410343,0.0,5.4
-1.0018147587907773,7.464050120244555,1.0892214194410343,0.0,5.5
-0.955497205080003,7.552676776608482,1.0892214194410343,0.0,5.6000000000000005
-0.9091796513692287,7.641303432972409,1.0892214194410343,0.0,5.7
-0.862862097658454,7.729930089336335,1.0892214194410343,0.0,5.800000000000001
-0.8165445439476797,7.818556745700262,1.0892214194410343,0.0,5.9
-0.7702269902369054,7.907183402064188,1.0892214194410343,0.0,6.0
-0.7239094365261307,7.995810058428115,1.0892214194410343,0.0,6.1000000000000005
-0.6775918828153569,8.08443671479204,1.0892214194410343,0.0,6.2
-0.6312743291045821,8.173063371155969,1.0892214194410343,0.0,6.300000000000001
-0.5849567753938079,8.261690027519894,1.0892214194410343,0.0,6.4
-0.5386392216830336,8.350316683883822,1.0892214194410343,0.0,6.5
-0.49232166797225885,8.438943340247748,1.0892214194410343,0.0,6.6000000000000005
-0.446004114261485,8.527569996611675,1.0892214194410343,0.0,6.7
-0.3996865605507103,8.616196652975601,1.0892214194410343,0.0,6.800000000000001
-0.353369006839936,8.704823309339528,1.0892214194410343,0.0,6.9
-0.3070514531291617,8.793449965703454,1.0892214194410343,0.0,7.0
-0.260733899418387,8.88207662206738,1.0892214194410343,0.0,7.1000000000000005
-0.21441634570761314,8.970703278431309,1.0892214194410343,0.0,7.2
-0.16809879199683841,9.059329934795233,1.0892214194410343,0.0,7.300000000000001
-0.12178123828606413,9.147956591159161,1.0892214194410343,0.0,7.4
-0.07546368457528985,9.236583247523086,1.0892214194410343,0.0,7.5
-0.02914613086451512,9.325209903887014,1.0892214194410343,0.0,7.6000000000000005
0.017171422846259166,9.41383656025094,1.0892214194410343,0.0,7.7
0.06348897655703345,9.502463216614867,1.0892214194410343,0.0,7.800000000000001
0.10980653026780773,9.591089872978793,1.0892214194410343,0.0,7.9
0.15612408397858202,9.67971652934272,1.0892214194410343,0.0,8.0
0.2024416376893563,9.768343185706646,1.0892214194410343,0.0,8.1
0.24875919140013147,9.856969842070573,1.0892214194410343,0.0,8.200000000000001
0.2950767451109053,9.9455964984345,1.0892214194410343,0.0,8.3
0.3413942988216796,10.034223154798426,1.0892214194410343,0.0,8.4
0.3877118525324539,10.122849811162354,1.0892214194410343,0.0,8.5
0.43402940624322817,10.211476467526278,1.0892214194410343,0.0,8.6
0.48034695995400334,10.300103123890207,1.0892214194410343,0.0,8.700000000000001
0.5266645136647776,10.388729780254133,1.0892214194410343,0.0,8.8
0.5729820673755519,10.47735643661806,1.0892214194410343,0.0,8.9
0.6192996210863262,10.565983092981986,1.0892214194410343,0.0,9.0
0.6656171747970996,10.654609749345912,1.0892214194410343,0.0,9.1
0.7119347285078748,10.74323640570984,1.0892214194410343,0.0,9.200000000000001
0.758252282218649,10.831863062073767,1.0892214194410343,0.0,9.3
0.8045698359294233,10.920489718437693,1.0892214194410343,0.0,9.4
0.8508873896401976,11.009116374801618,1.0892214194410343,0.0,9.5
0.8972049433509728,11.097743031165546,1.0892214194410343,0.0,9.600000000000001
0.9435224970617471,11.186369687529472,1.0892214194410343,0.0,9.700000000000001
0.9898400507725214,11.274996343893399,1.0892214194410343,0.0,9.8
1.0361576044832956,11.363623000257325,1.0892214194410343,0.0,9.9
1.08247515819407,11.452249656621252,1.0892214194410343,0.0,10.0
1.1287927119048442,11.54087631298518,1.0892214194410343,0.0,10.100000000000001
1.1751102656156185,11.629502969349106,1.0892214194410343,0.0,10.200000000000001
1.2214278193263928,11.718129625713033,1.0892214194410343,0.0,10.3
1.267745373037167,11.80675628207696,1.0892214194410343,0.0,10.4
1.3140629267479413,11.895382938440886,1.0892214194410343,0.0,10.5
1.3603804804587165,11.984009594804812,1.0892214194410343,0.0,10.600000000000001
1.4066980341694908,12.072636251168738,1.0892214194410343,0.0,10.700000000000001
1.453015587880265,12.161262907532665,1.0892214194410343,0.0,10.8
1.4993331415910394,12.249889563896591,1.0892214194410343,0.0,10.9
1.5456506953018136,12.338516220260518,1.0892214194410343,0.0,11.0
1.5919682490125888,12.427142876624446,1.0892214194410343,0.0,11.100000000000001
1.6382858027233622,12.515769532988372,1.0892214194410343,0.0,11.200000000000001
1.6846033564341365,12.604396189352299,1.0892214194410343,0.0,11.3
1.7309209101449108,12.693022845716225,1.0892214194410343,0.0,11.4
1.777238463855685,12.78164950208015,1.0892214194410343,0.0,11.5
1.8235560175664602,12.870276158444078,1.0892214194410343,0.0,11.600000000000001
1.8698735712772345,12.958902814808004,1.0892214194410343,0.0,11.700000000000001
1.9161911249880088,13.04752947117193,1.0892214194410343,0.0,11.8
1.962508678698783,13.136156127535857,1.0892214194410343,0.0,11.9
2.0088262324095574,13.224782783899784,1.0892214194410343,0.0,12.0
2.0551437861203325,13.313409440263712,1.0892214194410343,0.0,12.100000000000001
2.101461339831107,13.402036096627638,1.0892214194410343,0.0,12.200000000000001
2.1477788935418802,13.490662752991565,1.0892214194410343,0.0,12.3
2.1940964472526545,13.579289409355491,1.0892214194410343,0.0,12.4
2.240414000963429,13.667916065719417,1.0892214194410343,0.0,12.5
2.286731554674204,13.756542722083344,1.0892214194410343,0.0,12.600000000000001
2.3330491083849783,13.84516937844727,1.0892214194410343,0.0,12.700000000000001
2.3793666620957525,13.933796034811197,1.0892214194410343,0.0,12.8
2.425684215806527,14.022422691175123,1.0892214194410343,0.0,12.9
2.472001769517301,14.11104934753905,1.0892214194410343,0.0,13.0
2.5183193232280763,14.199676003902978,1.0892214194410343,0.0,13.100000000000001
2.5646368769388506,14.288302660266904,1.0892214194410343,0.0,13.200000000000001
2.610954430649625,14.37692931663083,1.0892214194410343,0.0,13.3
2.6572719843603982,14.465555972994757,1.0892214194410343,0.0,13.4
2.7035895380711725,14.554182629358682,1.0892214194410343,0.0,13.5
2.7499070917819477,14.64280928572261,1.0892214194410343,0.0,13.600000000000001
2.796224645492722,14.731435942086536,1.0892214194410343,0.0,13.700000000000001
2.8425421992034963,14.820062598450463,1.0892214194410343,0.0,13.8
2.8888597529142706,14.908689254814389,1.0892214194410343,0.0,13.9
2.935177306625045,14.997315911178315,1.0892214194410343,0.0,14.0
2.98149486033582,15.085942567542244,1.0892214194410343,0.0,14.100000000000001
3.0278124140465943,15.17456922390617,1.0892214194410343,0.0,14.200000000000001
3.0741299677573686,15.263195880270096,1.0892214194410343,0.0,14.3
3.120447521468142,15.351822536634023,1.0892214194410343,0.0,14.4
3.1667650751789163,15.44044919299795,1.0892214194410343,0.0,14.5
3.2130826288896914,15.529075849361876,1.0892214194410343,0.0,14.600000000000001
3.2594001826004657,15.617702505725802,1.0892214194410343,0.0,14.700000000000001
3.30571773631124,15.706329162089729,1.0892214194410343,0.0,14.8
3.3520352900220143,15.794955818453655,1.0892214194410343,0.0,14.9
3.3983528437327886,15.883582474817581,1.0892214194410343,0.0,15.0
3.4446703974435637,15.97220913118151,1.0892214194410343,0.0,15.100000000000001
3.490987951154338,16.060835787545436,1.0892214194410343,0.0,15.200000000000001
3.5373055048651123,16.149462443909364,1.0892214194410343,0.0,15.3
3.5836230585758866,16.23808910027329,1.0892214194410343,0.0,15.4
3.62994061228666,16.326715756637213,1.0892214194410343,0.0,15.5
3.676258165997435,16.41534241300114,1.0892214194410343,0.0,15.600000000000001
3.7225757197082094,16.50396906936507,1.0892214194410343,0.0,15.700000000000001
3.7688932734189837,16.592595725728994,1.0892214194410343,0.0,15.8
3.815210827129758,16.68122238209292,1.0892214194410343,0.0,15.9
3.8615283808405323,16.769849038456847,1.0892214194410343,0.0,16.0
3.9078459345513075,16.858475694820775,1.0892214194410343,0.0,16.1
3.954163488262081,16.9471023511847,1.0892214194410343,0.0,16.2
4.000481041972856,17.03572900754863,1.0892214194410343,0.0,16.3
4.046798595683631,17.124355663912553,1.0892214194410343,0.0,16.400000000000002
4.093116149394405,17.21298232027648,1.0892214194410343,0.0,16.5
4.139433703105179,17.30160897664041,1.0892214194410343,0.0,16.6
4.185751256815952,17.39023563300433,1.0892214194410343,0.0,16.7
4.2320688105267275,17.47886228936826,1.0892214194410343,0.0,16.8
4.278386364237503,17.567488945732187,1.0892214194410343,0.0,16.900000000000002
4.324703917948276,17.656115602096115,1.0892214194410343,0.0,17.0
4.371021471659051,17.744742258460043,1.0892214194410343,0.0,17.1
4.417339025369825,17.833368914823964,1.0892214194410343,0.0,17.2
4.4636565790806,17.921995571187892,1.0892214194410343,0.0,17.3
4.509974132791375,18.01062222755182,1.0892214194410343,0.0,17.400000000000002
4.556291686502148,18.099248883915745,1.0892214194410343,0.0,17.5
4.6026092402129235,18.187875540279673,1.0892214194410343,0.0,17.6
4.648926793923697,18.276502196643598,1.0892214194410343,0.0,17.7
4.695244347634472,18.365128853007526,1.0892214194410343,0.0,17.8
4.741561901345247,18.453755509371454,1.0892214194410343,0.0,17.900000000000002
4.787879455056021,18.54238216573538,1.0892214194410343,0.0,18.0
4.834197008766794,18.631008822099307,1.0892214194410343,0.0,18.1
4.880514562477567,18.719635478463232,1.0892214194410343,0.0,18.2
4.926832116188343,18.80826213482716,1.0892214194410343,0.0,18.3
4.973149669899118,18.89688879119109,1.0892214194410343,0.0,18.400000000000002
5.019467223609891,18.985515447555013,1.0892214194410343,0.0,18.5
5.065784777320666,19.07414210391894,1.0892214194410343,0.0,18.6
5.11210233103144,19.162768760282866,1.0892214194410343,0.0,18.7
5.158419884742215,19.251395416646794,1.0892214194410343,0.0,18.8
5.20473743845299,19.34002207301072,1.0892214194410343,0.0,18.900000000000002
5.2510549921637635,19.428648729374643,1.0892214194410343,0.0,19.0
5.297372545874539,19.51727538573857,1.0892214194410343,0.0,19.1
5.343690099585314,19.6059020421025,1.0892214194410343,0.0,19.200000000000003
5.390007653296087,19.694528698466424,1.0892214194410343,0.0,19.3
5.436325207006862,19.783155354830352,1.0892214194410343,0.0,19.400000000000002
5.482642760717636,19.871782011194277,1.0892214194410343,0.0,19.5
5.528960314428411,19.960408667558205,1.0892214194410343,0.0,19.6
5.575277868139186,20.049035323922134,1.0892214194410343,0.0,19.700000000000003
5.6215954218499595,20.137661980286058,1.0892214194410343,0.0,19.8
5.667912975560735,20.226288636649986,1.0892214194410343,0.0,19.900000000000002
5.714230529271508,20.31491529301391,1.0892214194410343,0.0,20.0
5.760548082982283,20.40354194937784,1.0892214194410343,0.0,20.1
5.806865636693057,20.492168605741767,1.0892214194410343,0.0,20.200000000000003
5.85318319040383,20.580795262105692,1.0892214194410343,0.0,20.3
5.899500744114605,20.66942191846962,1.0892214194410343,0.0,20.400000000000002
5.945818297825379,20.758048574833545,1.0892214194410343,0.0,20.5
5.992135851536154,20.846675231197473,1.0892214194410343,0.0,20.6
6.038453405246929,20.9353018875614,1.0892214194410343,0.0,20.700000000000003
6.084770958957702,21.023928543925326,1.0892214194410343,0.0,20.8
6.1310885126684775,21.11255520028925,1.0892214194410343,0.0,20.900000000000002
6.177406066379251,21.20118185665318,1.0892214194410343,0.0,21.0
6.223723620090026,21.289808513017103,1.0892214194410343,0.0,21.1
6.270041173800801,21.37843516938103,1.0892214194410343,0.0,21.200000000000003
6.316358727511575,21.467061825744956,1.0892214194410343,0.0,21.3
6.36267628122235,21.555688482108884,1.0892214194410343,0.0,21.400000000000002
6.408993834933123,21.64431513847281,1.0892214194410343,0.0,21.5
6.455311388643898,21.732941794836737,1.0892214194410343,0.0,21.6
6.501628942354674,21.821568451200665,1.0892214194410343,0.0,21.700000000000003
6.547946496065447,21.91019510756459,1.0892214194410343,0.0,21.8
6.594264049776222,21.998821763928518,1.0892214194410343,0.0,21.900000000000002
6.6405816034869956,22.087448420292443,1.0892214194410343,0.0,22.0
6.686899157197771,22.17607507665637,1.0892214194410343,0.0,22.1
6.733216710908546,22.2647017330203,1.0892214194410343,0.0,22.200000000000003
6.779534264619319,22.353328389384224,1.0892214194410343,0.0,22.3
6.825851818330093,22.441955045748152,1.0892214194410343,0.0,22.400000000000002
6.872169372040866,22.530581702112077,1.0892214194410343,0.0,22.5
6.918486925751641,22.619208358476005,1.0892214194410343,0.0,22.6
6.964804479462416,22.707835014839933,1.0892214194410343,0.0,22.700000000000003
7.01112203317319,22.796461671203858,1.0892214194410343,0.0,22.8
7.057439586883965,22.885088327567782,1.0892214194410343,0.0,22.900000000000002
7.103757140594738,22.973714983931707,1.0892214194410343,0.0,23.0
7.150074694305514,23.062341640295635,1.0892214194410343,0.0,23.1
7.196392248016289,23.150968296659563,1.0892214194410343,0.0,23.200000000000003
7.242709801727062,23.239594953023488,1.0892214194410343,0.0,23.3
7.289027355437837,23.328221609387416,1.0892214194410343,0.0,23.400000000000002
7.335344909148611,23.41684826575134,1.0892214194410343,0.0,23.5
7.381662462859386,23.50547492211527,1.0892214194410343,0.0,23.6
7.427980016570161,23.594101578479197,1.0892214194410343,0.0,23.700000000000003
7.474297570280934,23.682728234843122,1.0892214194410343,0.0,23.8
7.52061512399171,23.77135489120705,1.0892214194410343,0.0,23.900000000000002
7.566932677702483,23.859981547570975,1.0892214194410343,0.0,24.0
7.613250231413258,23.948608203934903,1.0892214194410343,0.0,24.1
7.659567785124033,24.03723486029883,1.0892214194410343,0.0,24.200000000000003
7.705885338834807,24.125861516662756,1.0892214194410343,0.0,24.3
7.752202892545582,24.214488173026684,1.0892214194410343,0.0,24.400000000000002
7.798520446256355,24.30311482939061,1.0892214194410343,0.0,24.5
7.844837999967129,24.391741485754537,1.0892214194410343,0.0,24.6
7.891155553677904,24.480368142118465,1.0892214194410343,0.0,24.700000000000003
7.937473107388677,24.56899479848239,1.0892214194410343,0.0,24.8
7.9837906610994525,24.657621454846314,1.0892214194410343,0.0,24.900000000000002
8.030108214810227,24.746248111210242,1.0892214194410343,0.0,25.0
8.076425768521002,24.834874767574167,1.0892214194410343,0.0,25.1
8.122743322231777,24.923501423938095,1.0892214194410343,0.0,25.200000000000003
8.169060875942549,25.01212808030202,1.0892214194410343,0.0,25.3
8.215378429653324,25.100754736665948,1.0892214194410343,0.0,25.400000000000002
8.261695983364099,25.189381393029873,1.0892214194410343,0.0,25.5
8.308013537074874,25.2780080493938,1.0892214194410343,0.0,25.6
8.35433109078565,25.36663470575773,1.0892214194410343,0.0,25.700000000000003
8.400648644496421,25.455261362121654,1.0892214194410343,0.0,25.8
8.446966198207196,25.543888018485582,1.0892214194410343,0.0,25.900000000000002
8.493283751917971,25.632514674849507,1.0892214194410343,0.0,26.0
8.539601305628747,25.721141331213435,1.0892214194410343,0.0,26.1
8.585918859339522,25.809767987577363,1.0892214194410343,0.0,26.200000000000003
8.632236413050293,25.898394643941288,1.0892214194410343,0.0,26.3
8.678553966761068,25.987021300305216,1.0892214194410343,0.0,26.400000000000002
8.724871520471844,26.07564795666914,1.0892214194410343,0.0,26.5
8.771189074182619,26.16427461303307,1.0892214194410343,0.0,26.6
8.81750662789339,26.252901269396997,1.0892214194410343,0.0,26.700000000000003
8.863824181604166,26.34152792576092,1.0892214194410343,0.0,26.8
8.91014173531494,26.430154582124846,1.0892214194410343,0.0,26.900000000000002
8.956459289025712,26.51878123848877,1.0892214194410343,0.0,27.0
9.002776842736488,26.6074078948527,1.0892214194410343,0.0,27.1
9.049094396447263,26.696034551216627,1.0892214194410343,0.0,27.200000000000003
9.095411950158038,26.78466120758055,1.0892214194410343,0.0,27.3
9.141729503868813,26.87328786394448,1.0892214194410343,0.0,27.400000000000002
9.188047057579585,26.961914520308405,1.0892214194410343,0.0,27.5
9.23436461129036,27.050541176672333,1.0892214194410343,0.0,27.6
9.280682165001135,27.13916783303626,1.0892214194410343,0.0,27.700000000000003
9.32699971871191,27.227794489400186,1.0892214194410343,0.0,27.8
9.373317272422685,27.316421145764114,1.0892214194410343,0.0,27.900000000000002
9.419634826133457,27.40504780212804,1.0892214194410343,0.0,28.0
9.465952379844232,27.493674458491967,1.0892214194410343,0.0,28.1
9.512269933555007,27.582301114855895,1.0892214194410343,0.0,28.200000000000003
9.558587487265783,27.67092777121982,1.0892214194410343,0.0,28.3
9.604905040976558,27.759554427583748,1.0892214194410343,0.0,28.400000000000002
9.65122259468733,27.848181083947672,1.0892214194410343,0.0,28.5
9.697540148398105,27.9368077403116,1.0892214194410343,0.0,28.6
9.74385770210888,28.02543439667553,1.0892214194410343,0.0,28.700000000000003
9.790175255819651,28.114061053039453,1.0892214194410343,0.0,28.8
9.836492809530426,28.202687709403378,1.0892214194410343,0.0,28.900000000000002
9.882810363241202,28.291314365767306,1.0892214194410343,0.0,29.0
9.929127916951977,28.37994102213123,1.0892214194410343,0.0,29.1
9.975445470662752,28.46856767849516,1.0892214194410343,0.0,29.200000000000003
10.021763024373524,28.557194334859084,1.0892214194410343,0.0,29.3
10.068080578084299,28.64582099122301,1.0892214194410343,0.0,29.400000000000002
10.114398131795074,28.734447647586936,1.0892214194410343,0.0,29.5
10.16071568550585,28.823074303950865,1.0892214194410343,0.0,29.6
10.207033239216624,28.911700960314793,1.0892214194410343,0.0,29.700000000000003
10.253350792927396,29.000327616678717,1.0892214194410343,0.0,29.8
10.299668346638171,29.088954273042646,1.0892214194410343,0.0,29.900000000000002
10.345985900348946,29.17758092940657,1.0892214194410343,0.0,30.0
10.392303454059721,29.2662075857705,1.0892214194410343,0.0,30.1
10.438621007770497,29.354834242134427,1.0892214194410343,0.0,30.200000000000003
10.484938561481268,29.44346089849835,1.0892214194410343,0.0,30.3
10.531256115192043,29.53208755486228,1.0892214194410343,0.0,30.400000000000002
10.577573668902819,29.620714211226204,1.0892214194410343,0.0,30.5
10.623891222613594,29.709340867590132,1.0892214194410343,0.0,30.6
10.670208776324369,29.79796752395406,1.0892214194410343,0.0,30.700000000000003
10.71652633003514,29.886594180317985,1.0892214194410343,0.0,30.8
10.762843883745916,29.97522083668191,1.0892214194410343,0.0,30.900000000000002
10.809161437456687,30.063847493045834,1.0892214194410343,0.0,31.0
10.855478991167463,30.152474149409763,1.0892214194410343,0.0,31.1
10.901796544878238,30.24110080577369,1.0892214194410343,0.0,31.200000000000003
10.948114098589013,30.329727462137615,1.0892214194410343,0.0,31.3
10.994431652299788,30.418354118501544,1.0892214194410343,0.0,31.400000000000002
11.04074920601056,30.506980774865468,1.0892214194410343,0.0,31.5
11.087066759721335,30.595607431229396,1.0892214194410343,0.0,31.6
11.13338431343211,30.684234087593325,1.0892214194410343,0.0,31.700000000000003
11.179701867142885,30.77286074395725,1.0892214194410343,0.0,31.8
11.22601942085366,30.861487400321177,1.0892214194410343,0.0,31.900000000000002
11.272336974564432,30.950114056685102,1.0892214194410343,0.0,32.0
11.318654528275207,31.03874071304903,1.0892214194410343,0.0,32.1
11.364972081985982,31.12736736941296,1.0892214194410343,0.0,32.2
11.411289635696757,31.215994025776887,1.0892214194410343,0.0,32.300000000000004
11.457607189407529,31.304620682140808,1.0892214194410343,0.0,32.4
11.503924743118304,31.393247338504736,1.0892214194410343,0.0,32.5
11.55024229682908,31.481873994868664,1.0892214194410343,0.0,32.6
11.596559850539855,31.570500651232592,1.0892214194410343,0.0,32.7
11.64287740425063,31.659127307596517,1.0892214194410343,0.0,32.800000000000004
11.689194957961401,31.74775396396044,1.0892214194410343,0.0,32.9
11.735512511672177,31.83638062032437,1.0892214194410343,0.0,33.0
11.781830065382952,31.925007276688294,1.0892214194410343,0.0,33.1
11.828147619093727,32.01363393305222,1.0892214194410343,0.0,33.2
11.874465172804502,32.10226058941615,1.0892214194410343,0.0,33.300000000000004
11.920782726515274,32.190887245780075,1.0892214194410343,0.0,33.4
11.967100280226049,32.279513902144004,1.0892214194410343,0.0,33.5
12.013417833936824,32.36814055850793,1.0892214194410343,0.0,33.6
12.0597353876476,32.45676721487186,1.0892214194410343,0.0,33.7
12.106052941358374,32.54539387123579,1.0892214194410343,0.0,33.800000000000004
12.152370495069146,32.6340205275997,1.0892214194410343,0.0,33.9
12.198688048779921,32.72264718396363,1.0892214194410343,0.0,34.0
12.245005602490696,32.81127384032756,1.0892214194410343,0.0,34.1
12.291323156201472,32.89990049669149,1.0892214194410343,0.0,34.2
12.337640709912247,32.988527153055415,1.0892214194410343,0.0,34.300000000000004
12.383958263623018,33.07715380941934,1.0892214194410343,0.0,34.4
12.430275817333793,33.16578046578327,1.0892214194410343,0.0,34.5
12.476593371044569,33.2544071221472,1.0892214194410343,0.0,34.6
12.522910924755344,33.34303377851113,1.0892214194410343,0.0,34.7
12.569228478466119,33.43166043487505,1.0892214194410343,0.0,34.800000000000004
12.61554603217689,33.52028709123897,1.0892214194410343,0.0,34.9
12.661863585887666,33.6089137476029,1.0892214194410343,0.0,35.0
12.708181139598441,33.697540403966826,1.0892214194410343,0.0,35.1
12.754498693309216,33.786167060330754,1.0892214194410343,0.0,35.2
12.800816247019991,33.87479371669468,1.0892214194410343,0.0,35.300000000000004
12.847133800730763,33.963420373058604,1.0892214194410343,0.0,35.4
12.893451354441538,34.05204702942253,1.0892214194410343,0.0,35.5
12.939768908152313,34.14067368578646,1.0892214194410343,0.0,35.6
12.986086461863088,34.22930034215039,1.0892214194410343,0.0,35.7
13.032404015573864,34.31792699851432,1.0892214194410343,0.0,35.800000000000004
13.078721569284635,34.40655365487824,1.0892214194410343,0.0,35.9
13.12503912299541,34.495180311242166,1.0892214194410343,0.0,36.0
13.171356676706186,34.583806967606094,1.0892214194410343,0.0,36.1
13.217674230416957,34.67243362397002,1.0892214194410343,0.0,36.2
13.263991784127732,34.76106028033395,1.0892214194410343,0.0,36.300000000000004
13.310309337838504,34.84968693669787,1.0892214194410343,0.0,36.4
13.35662689154928,34.9383135930618,1.0892214194410343,0.0,36.5
13.402944445260054,35.02694024942573,1.0892214194410343,0.0,36.6
13.44926199897083,35.115566905789656,1.0892214194410343,0.0,36.7
13.495579552681605,35.204193562153584,1.0892214194410343,0.0,36.800000000000004
13.541897106392376,35.292820218517505,1.0892214194410343,0.0,36.9
13.588214660103151,35.38144687488143,1.0892214194410343,0.0,37.0
13.634532213813927,35.47007353124536,1.0892214194410343,0.0,37.1
13.680849767524702,35.55870018760929,1.0892214194410343,0.0,37.2
13.727167321235477,35.64732684397322,1.0892214194410343,0.0,37.300000000000004
13.773484874946249,35.73595350033714,1.0892214194410343,0.0,37.4
13.819802428657024,35.82458015670107,1.0892214194410343,0.0,37.5
13.866119982367799,35.913206813064996,1.0892214194410343,0.0,37.6
13.912437536078574,36.001833469428924,1.0892214194410343,0.0,37.7
13.95875508978935,36.090460125792845,1.0892214194410343,0.0,37.800000000000004
14.005072643500121,36.17908678215677,1.0892214194410343,0.0,37.9
14.051390197210896,36.267713438520694,1.0892214194410343,0.0,38.0
14.097707750921671,36.35634009488462,1.0892214194410343,0.0,38.1
14.144025304632446,36.44496675124855,1.0892214194410343,0.0,38.2
14.190342858343222,36.53359340761248,1.0892214194410343,0.0,38.300000000000004
14.236660412053997,36.62222006397641,1.0892214194410343,0.0,38.400000000000006
14.282977965764768,36.71084672034033,1.0892214194410343,0.0,38.5
14.329295519475544,36.799473376704256,1.0892214194410343,0.0,38.6
14.375613073186319,36.888100033068184,1.0892214194410343,0.0,38.7
14.421930626897094,36.97672668943211,1.0892214194410343,0.0,38.800000000000004
14.468248180607869,37.06535334579604,1.0892214194410343,0.0,38.900000000000006
14.51456573431864,37.15398000215996,1.0892214194410343,0.0,39.0
14.560883288029416,37.24260665852389,1.0892214194410343,0.0,39.1
14.607200841740191,37.33123331488782,1.0892214194410343,0.0,39.2
14.653518395450966,37.419859971251746,1.0892214194410343,0.0,39.300000000000004
14.699835949161741,37.508486627615675,1.0892214194410343,0.0,39.400000000000006
14.746153502872513,37.597113283979596,1.0892214194410343,0.0,39.5
14.792471056583288,37.685739940343524,1.0892214194410343,0.0,39.6
14.838788610294063,37.77436659670745,1.0892214194410343,0.0,39.7
14.885106164004839,37.86299325307138,1.0892214194410343,0.0,39.800000000000004
14.931423717715614,37.95161990943531,1.0892214194410343,0.0,39.900000000000006
14.977741271426385,38.04024656579923,1.0892214194410343,0.0,40.0
15.02405882513716,38.12887322216316,1.0892214194410343,0.0,40.1
15.070376378847936,38.217499878527086,1.0892214194410343,0.0,40.2
15.11669393255871,38.306126534891014,1.0892214194410343,0.0,40.300000000000004
15.163011486269482,38.39475319125494,1.0892214194410343,0.0,40.400000000000006
15.209329039980258,38.48337984761886,1.0892214194410343,0.0,40.5
15.25564659369103,38.57200650398279,1.0892214194410343,0.0,40.6
15.301964147401804,38.66063316034672,1.0892214194410343,0.0,40.7
15.34828170111258,38.74925981671065,1.0892214194410343,0.0,40.800000000000004
15.394599254823355,38.837886473074576,1.0892214194410343,0.0,40.900000000000006
15.440916808534126,38.9265131294385,1.0892214194410343,0.0,41.0
15.487234362244902,39.015139785802425,1.0892214194410343,0.0,41.1
15.533551915955677,39.103766442166354,1.0892214194410343,0.0,41.2
15.579869469666452,39.19239309853028,1.0892214194410343,0.0,41.300000000000004
15.626187023377227,39.28101975489421,1.0892214194410343,0.0,41.400000000000006
15.672504577087999,39.36964641125813,1.0892214194410343,0.0,41.5
15.718822130798774,39.45827306762206,1.0892214194410343,0.0,41.6
15.765139684509549,39.54689972398599,1.0892214194410343,0.0,41.7
15.811457238220324,39.63552638034991,1.0892214194410343,0.0,41.800000000000004
15.8577747919311,39.72415303671384,1.0892214194410343,0.0,41.900000000000006
15.904092345641871,39.812779693077765,1.0892214194410343,0.0,42.0
15.950409899352646,39.901406349441686,1.0892214194410343,0.0,42.1
15.996727453063421,39.990033005805614,1.0892214194410343,0.0,42.2
16.043045006774197,40.07865966216954,1.0892214194410343,0.0,42.300000000000004
16.08936256048497,40.16728631853347,1.0892214194410343,0.0,42.400000000000006
16.135680114195743,40.25591297489739,1.0892214194410343,0.0,42.5
16.18199766790652,40.34453963126132,1.0892214194410343,0.0,42.6
16.228315221617294,40.43316628762525,1.0892214194410343,0.0,42.7
16.27463277532807,40.521792943989176,1.0892214194410343,0.0,42.800000000000004
16.320950329038844,40.610419600353104,1.0892214194410343,0.0,42.900000000000006
16.367267882749616,40.699046256717025,1.0892214194410343,0.0,43.0
16.41358543646039,40.787672913080954,1.0892214194410343,0.0,43.1
16.459902990171166,40.87629956944488,1.0892214194410343,0.0,43.2
16.50622054388194,40.96492622580881,1.0892214194410343,0.0,43.300000000000004
16.552538097592716,41.05355288217274,1.0892214194410343,0.0,43.400000000000006
16.598855651303488,41.14217953853666,1.0892214194410343,0.0,43.5
16.645173205014263,41.23080619490059,1.0892214194410343,0.0,43.6
16.69149075872504,41.319432851264516,1.0892214194410343,0.0,43.7
16.737808312435813,41.408059507628444,1.0892214194410343,0.0,43.800000000000004
16.78412586614659,41.49668616399237,1.0892214194410343,0.0,43.900000000000006
16.83044341985736,41.58531282035629,1.0892214194410343,0.0,44.0
16.876760973568135,41.67393947672022,1.0892214194410343,0.0,44.1
16.92307852727891,41.76256613308415,1.0892214194410343,0.0,44.2
16.969396080989686,41.85119278944808,1.0892214194410343,0.0,44.300000000000004
17.01571363470046,41.939819445812006,1.0892214194410343,0.0,44.400000000000006
17.062031188411233,42.02844610217593,1.0892214194410343,0.0,44.5
17.108348742122008,42.117072758539855,1.0892214194410343,0.0,44.6
17.15466629583278,42.20569941490378,1.0892214194410343,0.0,44.7
17.200983849543555,42.29432607126771,1.0892214194410343,0.0,44.800000000000004
17.24730140325433,42.38295272763164,1.0892214194410343,0.0,44.900000000000006
17.2936189569651,42.47157938399556,1.0892214194410343,0.0,45.0
17.339936510675876,42.56020604035949,1.0892214194410343,0.0,45.1
17.38625406438665,42.64883269672342,1.0892214194410343,0.0,45.2
17.432571618097427,42.737459353087345,1.0892214194410343,0.0,45.300000000000004
17.478889171808202,42.826086009451274,1.0892214194410343,0.0,45.400000000000006
17.525206725518974,42.914712665815195,1.0892214194410343,0.0,45.5
17.57152427922975,43.00333932217912,1.0892214194410343,0.0,45.6
17.617841832940524,43.09196597854305,1.0892214194410343,0.0,45.7
17.6641593866513,43.18059263490697,1.0892214194410343,0.0,45.800000000000004
17.710476940362074,43.2692192912709,1.0892214194410343,0.0,45.900000000000006
17.756794494072846,43.35784594763482,1.0892214194410343,0.0,46.0
17.80311204778362,43.44647260399875,1.0892214194410343,0.0,46.1
17.849429601494396,43.53509926036268,1.0892214194410343,0.0,46.2
17.89574715520517,43.623725916726606,1.0892214194410343,0.0,46.300000000000004
17.942064708915947,43.712352573090534,1.0892214194410343,0.0,46.400000000000006
17.98838226262672,43.800979229454455,1.0892214194410343,0.0,46.5
18.034699816337493,43.88960588581838,1.0892214194410343,0.0,46.6
18.08101737004827,43.97823254218231,1.0892214194410343,0.0,46.7
18.127334923759044,44.06685919854624,1.0892214194410343,0.0,46.800000000000004
18.17365247746982,44.15548585491017,1.0892214194410343,0.0,46.900000000000006
18.21997003118059,44.24411251127409,1.0892214194410343,0.0,47.0
18.266287584891366,44.33273916763802,1.0892214194410343,0.0,47.1
18.31260513860214,44.421365824001946,1.0892214194410343,0.0,47.2
18.358922692312916,44.509992480365874,1.0892214194410343,0.0,47.300000000000004
18.40524024602369,44.5986191367298,1.0892214194410343,0.0,47.400000000000006
18.451557799734463,44.68724579309372,1.0892214194410343,0.0,47.5
18.497875353445238,44.77587244945765,1.0892214194410343,0.0,47.6
18.544192907156013,44.86449910582158,1.0892214194410343,0.0,47.7
18.59051046086679,44.95312576218551,1.0892214194410343,0.0,47.800000000000004
18.636828014577564,45.041752418549436,1.0892214194410343,0.0,47.900000000000006
18.683145568288335,45.13037907491336,1.0892214194410343,0.0,48.0
18.72946312199911,45.219005731277285,1.0892214194410343,0.0,48.1
18.775780675709886,45.30763238764121,1.0892214194410343,0.0,48.2
18.82209822942066,45.39625904400514,1.0892214194410343,0.0,48.300000000000004
18.868415783131436,45.48488570036907,1.0892214194410343,0.0,48.400000000000006
18.914733336842207,45.57351235673299,1.0892214194410343,0.0,48.5
18.961050890552983,45.66213901309692,1.0892214194410343,0.0,48.6
19.007368444263758,45.75076566946085,1.0892214194410343,0.0,48.7
19.053685997974533,45.839392325824775,1.0892214194410343,0.0,48.800000000000004
19.100003551685305,45.9280189821887,1.0892214194410343,0.0,48.900000000000006
19.14632110539608,46.016645638552625,1.0892214194410343,0.0,49.0
19.19263865910685,46.10527229491655,1.0892214194410343,0.0,49.1
19.238956212817627,46.19389895128048,1.0892214194410343,0.0,49.2
19.2852737665284,46.28252560764441,1.0892214194410343,0.0,49.300000000000004
19.331591320239177,46.37115226400834,1.0892214194410343,0.0,49.400000000000006
19.37790887394995,46.45977892037226,1.0892214194410343,0.0,49.5
19.424226427660724,46.54840557673619,1.0892214194410343,0.0,49.6
19.4705439813715,46.637032233100115,1.0892214194410343,0.0,49.7
19.516861535082274,46.725658889464036,1.0892214194410343,0.0,49.800000000000004
19.56317908879305,46.814285545827964,1.0892214194410343,0.0,49.900000000000006
19.60949664250382,46.90291220219189,1.0892214194410343,0.0,50.0
19.655814196214596,46.99153885855581,1.0892214194410343,0.0,50.1
19.70213174992537,47.08016551491974,1.0892214194410343,0.0,50.2
19.748449303636146,47.16879217128367,1.0892214194410343,0.0,50.300000000000004
19.79476685734692,47.2574188276476,1.0892214194410343,0.0,50.400000000000006
19.841084411057693,47.34604548401152,1.0892214194410343,0.0,50.5
19.88740196476847,47.43467214037545,1.0892214194410343,0.0,50.6
19.933719518479244,47.523298796739375,1.0892214194410343,0.0,50.7
19.98003707219002,47.611925453103304,1.0892214194410343,0.0,50.800000000000004
20.026354625900794,47.70055210946723,1.0892214194410343,0.0,50.900000000000006
20.072672179611565,47.78917876583115,1.0892214194410343,0.0,51.0
20.11898973332234,47.87780542219508,1.0892214194410343,0.0,51.1
20.165307287033116,47.96643207855901,1.0892214194410343,0.0,51.2
20.21162484074389,48.05505873492294,1.0892214194410343,0.0,51.300000000000004
20.257942394454666,48.143685391286866,1.0892214194410343,0.0,51.400000000000006
20.304259948165438,48.23231204765079,1.0892214194410343,0.0,51.5
20.350577501876213,48.320938704014715,1.0892214194410343,0.0,51.6
20.396895055586988,48.40956536037864,1.0892214194410343,0.0,51.7
20.443212609297763,48.49819201674257,1.0892214194410343,0.0,51.800000000000004
20.48953016300854,48.5868186731065,1.0892214194410343,0.0,51.900000000000006
20.53584771671931,48.67544532947042,1.0892214194410343,0.0,52.0
20.582165270430085,48.76407198583435,1.0892214194410343,0.0,52.1
20.62848282414086,48.85269864219828,1.0892214194410343,0.0,52.2
20.674800377851636,48.941325298562205,1.0892214194410343,0.0,52.300000000000004
20.72111793156241,49.02995195492613,1.0892214194410343,0.0,52.400000000000006
20.767435485273182,49.118578611290054,1.0892214194410343,0.0,52.5
20.813753038983958,49.20720526765398,1.0892214194410343,0.0,52.6
20.860070592694733,49.29583192401791,1.0892214194410343,0.0,52.7
20.906388146405508,49.38445858038184,1.0892214194410343,0.0,52.800000000000004
20.952705700116283,49.47308523674577,1.0892214194410343,0.0,52.900000000000006
20.999023253827055,49.56171189310969,1.0892214194410343,0.0,53.0
21.04534080753783,49.65033854947362,1.0892214194410343,0.0,53.1
21.091658361248605,49.738965205837545,1.0892214194410343,0.0,53.2
21.137975914959377,49.82759186220147,1.0892214194410343,0.0,53.300000000000004
21.184293468670152,49.9162185185654,1.0892214194410343,0.0,53.400000000000006
21.230611022380923,50.00484517492932,1.0892214194410343,0.0,53.5
21.2769285760917,50.09347183129325,1.0892214194410343,0.0,53.6
21.323246129802474,50.18209848765718,1.0892214194410343,0.0,53.7
21.36956368351325,50.2707251440211,1.0892214194410343,0.0,53.800000000000004
21.415881237224024,50.35935180038503,1.0892214194410343,0.0,53.900000000000006
21.462198790934796,50.44797845674895,1.0892214194410343,0.0,54.0
21.50851634464557,50.53660511311288,1.0892214194410343,0.0,54.1
21.554833898356346,50.625231769476805,1.0892214194410343,0.0,54.2
21.60115145206712,50.71385842584073,1.0892214194410343,0.0,54.300000000000004
21.647469005777896,50.80248508220466,1.0892214194410343,0.0,54.400000000000006
21.693786559488668,50.89111173856858,1.0892214194410343,0.0,54.5
21.740104113199443,50.97973839493251,1.0892214194410343,0.0,54.6
21.78642166691022,51.06836505129644,1.0892214194410343,0.0,54.7
21.832739220620994,51.15699170766037,1.0892214194410343,0.0,54.800000000000004
21.87905677433177,51.245618364024295,1.0892214194410343,0.0,54.900000000000006
21.92537432804254,51.33424502038822,1.0892214194410343,0.0,55.0
21.971691881753316,51.422871676752145,1.0892214194410343,0.0,55.1
22.01800943546409,51.51149833311607,1.0892214194410343,0.0,55.2
22.064326989174866,51.60012498948,1.0892214194410343,0.0,55.300000000000004
22.11064454288564,51.68875164584393,1.0892214194410343,0.0,55.400000000000006
22.156962096596413,51.77737830220785,1.0892214194410343,0.0,55.5
22.203279650307188,51.86600495857178,1.0892214194410343,0.0,55.6
22.249597204017963,51.95463161493571,1.0892214194410343,0.0,55.7
22.295914757728738,52.043258271299635,1.0892214194410343,0.0,55.800000000000004
22.342232311439513,52.13188492766356,1.0892214194410343,0.0,55.900000000000006
22.388549865150285,52.220511584027484,1.0892214194410343,0.0,56.0
22.43486741886106,52.30913824039141,1.0892214194410343,0.0,56.1
22.481184972571835,52.39776489675534,1.0892214194410343,0.0,56.2
22.52750252628261,52.48639155311927,1.0892214194410343,0.0,56.300000000000004
22.573820079993386,52.5750182094832,1.0892214194410343,0.0,56.400000000000006
22.620137633704157,52.66364486584712,1.0892214194410343,0.0,56.5
22.666455187414932,52.752271522211046,1.0892214194410343,0.0,56.6
22.712772741125708,52.840898178574975,1.0892214194410343,0.0,56.7
22.759090294836483,52.9295248349389,1.0892214194410343,0.0,56.800000000000004
22.805407848547258,53.01815149130283,1.0892214194410343,0.0,56.900000000000006
22.85172540225803,53.10677814766675,1.0892214194410343,0.0,57.0
22.898042955968805,53.19540480403068,1.0892214194410343,0.0,57.1
22.94436050967958,53.28403146039461,1.0892214194410343,0.0,57.2
22.990678063390355,53.37265811675854,1.0892214194410343,0.0,57.300000000000004
23.036995617101127,53.461284773122465,1.0892214194410343,0.0,57.400000000000006
23.083313170811902,53.549911429486386,1.0892214194410343,0.0,57.5
23.129630724522674,53.638538085850314,1.0892214194410343,0.0,57.6
23.17594827823345,53.72716474221424,1.0892214194410343,0.0,57.7
23.222265831944224,53.81579139857816,1.0892214194410343,0.0,57.800000000000004
23.268583385655,53.90441805494209,1.0892214194410343,0.0,57.900000000000006
23.31490093936577,53.99304471130602,1.0892214194410343,0.0,58.0
23.361218493076546,54.08167136766994,1.0892214194410343,0.0,58.1
23.40753604678732,54.17029802403387,1.0892214194410343,0.0,58.2
23.453853600498096,54.2589246803978,1.0892214194410343,0.0,58.300000000000004
23.50017115420887,54.347551336761725,1.0892214194410343,0.0,58.400000000000006
23.546488707919643,54.436177993125646,1.0892214194410343,0.0,58.5
23.592806261630418,54.524804649489575,1.0892214194410343,0.0,58.6
23.639123815341193,54.6134313058535,1.0892214194410343,0.0,58.7
23.68544136905197,54.70205796221743,1.0892214194410343,0.0,58.800000000000004
23.731758922762744,54.79068461858136,1.0892214194410343,0.0,58.900000000000006
23.778076476473515,54.87931127494528,1.0892214194410343,0.0,59.0
23.82439403018429,54.96793793130921,1.0892214194410343,0.0,59.1
23.870711583895066,55.05656458767314,1.0892214194410343,0.0,59.2
23.91702913760584,55.145191244037065,1.0892214194410343,0.0,59.300000000000004
23.963346691316616,55.23381790040099,1.0892214194410343,0.0,59.400000000000006
24.009664245027388,55.322444556764914,1.0892214194410343,0.0,59.5
24.055981798738163,55.41107121312884,1.0892214194410343,0.0,59.6
24.102299352448938,55.49969786949277,1.0892214194410343,0.0,59.7
24.148616906159713,55.5883245258567,1.0892214194410343,0.0,59.800000000000004
24.19493445987049,55.67695118222063,1.0892214194410343,0.0,59.900000000000006
24.24125201358126,55.76557783858455,1.0892214194410343,0.0,60.0
24.287569567292035,55.854204494948476,1.0892214194410343,0.0,60.1
24.33388712100281,55.942831151312404,1.0892214194410343,0.0,60.2
24.380204674713585,56.03145780767633,1.0892214194410343,0.0,60.300000000000004
24.42652222842436,56.12008446404026,1.0892214194410343,0.0,60.400000000000006
24.472839782135132,56.20871112040418,1.0892214194410343,0.0,60.5
24.519157335845907,56.29733777676811,1.0892214194410343,0.0,60.6
24.565474889556683,56.38596443313204,1.0892214194410343,0.0,60.7
24.611792443267458,56.474591089495966,1.0892214194410343,0.0,60.800000000000004
24.658109996978233,56.563217745859895,1.0892214194410343,0.0,60.900000000000006
24.704427550689005,56.651844402223816,1.0892214194410343,0.0,61.0
24.75074510439978,56.740471058587744,1.0892214194410343,0.0,61.1
24.797062658110555,56.82909771495167,1.0892214194410343,0.0,61.2
24.84338021182133,56.9177243713156,1.0892214194410343,0.0,61.300000000000004
24.889697765532105,57.00635102767953,1.0892214194410343,0.0,61.400000000000006
24.936015319242877,57.09497768404345,1.0892214194410343,0.0,61.5
24.982332872953652,57.18360434040738,1.0892214194410343,0.0,61.6
25.028650426664427,57.272230996771306,1.0892214194410343,0.0,61.7
25.0749679803752,57.36085765313523,1.0892214194410343,0.0,61.800000000000004
25.121285534085974,57.449484309499155,1.0892214194410343,0.0,61.900000000000006
25.167603087796746,57.538110965863076,1.0892214194410343,0.0,62.0
25.21392064150752,57.626737622227004,1.0892214194410343,0.0,62.1
25.260238195218296,57.71536427859093,1.0892214194410343,0.0,62.2
25.30655574892907,57.80399093495486,1.0892214194410343,0.0,62.300000000000004
25.352873302639846,57.89261759131879,1.0892214194410343,0.0,62.400000000000006
25.399190856350618,57.98124424768271,1.0892214194410343,0.0,62.5
25.445508410061393,58.06987090404664,1.0892214194410343,0.0,62.6
25.49182596377217,58.15849756041057,1.0892214194410343,0.0,62.7
25.538143517482943,58.247124216774495,1.0892214194410343,0.0,62.800000000000004
25.58446107119372,58.33575087313842,1.0892214194410343,0.0,62.900000000000006
25.63077862490449,58.424377529502344,1.0892214194410343,0.0,63.0
25.677096178615265,58.51300418586627,1.0892214194410343,0.0,63.1
25.72341373232604,58.6016308422302,1.0892214194410343,0.0,63.2
25.769731286036816,58.69025749859413,1.0892214194410343,0.0,63.300000000000004
25.81604883974759,58.77888415495806,1.0892214194410343,0.0,63.400000000000006
25.862366393458363,58.86751081132198,1.0892214194410343,0.0,63.5
25.908683947169138,58.956137467685906,1.0892214194410343,0.0,63.6
25.955001500879913,59.044764124049834,1.0892214194410343,0.0,63.7
26.001319054590688,59.13339078041376,1.0892214194410343,0.0,63.800000000000004
26.047636608301463,59.22201743677769,1.0892214194410343,0.0,63.900000000000006
26.093954162012235,59.31064409314161,1.0892214194410343,0.0,64.0
26.140271715723014,59.39927074950555,1.0892214194410343,0.0,64.10000000000001
26.186589269433785,59.48789740586947,1.0892214194410343,0.0,64.2
26.232906823144557,59.57652406223339,1.0892214194410343,0.0,64.3
26.279224376855336,59.665150718597324,1.0892214194410343,0.0,64.4
26.325541930566107,59.753777374961246,1.0892214194410343,0.0,64.5
26.371859484276886,59.84240403132518,1.0892214194410343,0.0,64.60000000000001
26.418177037987657,59.9310306876891,1.0892214194410343,0.0,64.7
26.46449459169843,60.01965734405302,1.0892214194410343,0.0,64.8
26.510812145409208,60.10828400041696,1.0892214194410343,0.0,64.9
26.55712969911998,60.19691065678088,1.0892214194410343,0.0,65.0
26.603447252830758,60.285537313144815,1.0892214194410343,0.0,65.10000000000001
26.64976480654153,60.374163969508736,1.0892214194410343,0.0,65.2
26.6960823602523,60.46279062587266,1.0892214194410343,0.0,65.3
26.74239991396308,60.55141728223659,1.0892214194410343,0.0,65.4
26.78871746767385,60.64004393860051,1.0892214194410343,0.0,65.5
26.83503502138463,60.72867059496444,1.0892214194410343,0.0,65.60000000000001
26.881352575095402,60.81729725132837,1.0892214194410343,0.0,65.7
26.927670128806174,60.90592390769229,1.0892214194410343,0.0,65.8
26.97398768251695,60.99455056405622,1.0892214194410343,0.0,65.9
27.020305236227724,61.08317722042015,1.0892214194410343,0.0,66.0
27.0666227899385,61.171803876784075,1.0892214194410343,0.0,66.10000000000001
27.11294034364927,61.260430533147996,1.0892214194410343,0.0,66.2
27.159257897360042,61.34905718951192,1.0892214194410343,0.0,66.3
27.20557545107082,61.43768384587585,1.0892214194410343,0.0,66.4
27.251893004781593,61.526310502239774,1.0892214194410343,0.0,66.5
27.29821055849237,61.61493715860371,1.0892214194410343,0.0,66.60000000000001
27.344528112203143,61.70356381496763,1.0892214194410343,0.0,66.7
27.390845665913915,61.79219047133155,1.0892214194410343,0.0,66.8
27.437163219624694,61.88081712769549,1.0892214194410343,0.0,66.9
27.483480773335465,61.96944378405941,1.0892214194410343,0.0,67.0
27.529798327046244,62.05807044042334,1.0892214194410343,0.0,67.10000000000001
27.576115880757015,62.146697096787264,1.0892214194410343,0.0,67.2
27.622433434467787,62.235323753151185,1.0892214194410343,0.0,67.3
27.668750988178566,62.32395040951512,1.0892214194410343,0.0,67.4
27.715068541889337,62.41257706587904,1.0892214194410343,0.0,67.5
27.761386095600116,62.50120372224298,1.0892214194410343,0.0,67.60000000000001
27.807703649310888,62.5898303786069,1.0892214194410343,0.0,67.7
27.85402120302166,62.67845703497082,1.0892214194410343,0.0,67.8
27.900338756732438,62.767083691334754,1.0892214194410343,0.0,67.9
27.94665631044321,62.855710347698675,1.0892214194410343,0.0,68.0
27.99297386415399,62.94433700406261,1.0892214194410343,0.0,68.10000000000001
28.03929141786476,63.03296366042653,1.0892214194410343,0.0,68.2
28.08560897157553,63.12159031679045,1.0892214194410343,0.0,68.3
28.13192652528631,63.21021697315439,1.0892214194410343,0.0,68.4
28.178244078997082,63.29884362951831,1.0892214194410343,0.0,68.5
28.22456163270786,63.387470285882245,1.0892214194410343,0.0,68.60000000000001
28.270879186418632,63.476096942246166,1.0892214194410343,0.0,68.7
28.317196740129404,63.56472359861009,1.0892214194410343,0.0,68.8
28.363514293840183,63.65335025497402,1.0892214194410343,0.0,68.9
28.409831847550954,63.74197691133794,1.0892214194410343,0.0,69.0
28.456149401261733,63.83060356770188,1.0892214194410343,0.0,69.10000000000001
28.502466954972505,63.9192302240658,1.0892214194410343,0.0,69.2
28.548784508683276,64.00785688042973,1.0892214194410343,0.0,69.3
28.595102062394055,64.09648353679366,1.0892214194410343,0.0,69.4
28.641419616104827,64.18511019315758,1.0892214194410343,0.0,69.5
28.687737169815605,64.2737368495215,1.0892214194410343,0.0,69.60000000000001
28.734054723526377,64.36236350588544,1.0892214194410343,0.0,69.7
28.78037227723715,64.45099016224935,1.0892214194410343,0.0,69.8
28.826689830947927,64.53961681861328,1.0892214194410343,0.0,69.9
28.8730073846587,64.62824347497721,1.0892214194410343,0.0,70.0
28.919324938369478,64.71687013134114,1.0892214194410343,0.0,70.10000000000001
28.96564249208025,64.80549678770507,1.0892214194410343,0.0,70.2
29.01196004579102,64.89412344406898,1.0892214194410343,0.0,70.3
29.0582775995018,64.98275010043292,1.0892214194410343,0.0,70.4
29.10459515321257,65.07137675679684,1.0892214194410343,0.0,70.5
29.15091270692335,65.16000341316078,1.0892214194410343,0.0,70.60000000000001
29.19723026063412,65.2486300695247,1.0892214194410343,0.0,70.7
29.243547814344893,65.33725672588861,1.0892214194410343,0.0,70.8
29.289865368055672,65.42588338225255,1.0892214194410343,0.0,70.9
29.336182921766444,65.51451003861646,1.0892214194410343,0.0,71.0
29.382500475477222,65.6031366949804,1.0892214194410343,0.0,71.10000000000001
29.428818029187994,65.69176335134432,1.0892214194410343,0.0,71.2
29.475135582898766,65.78039000770825,1.0892214194410343,0.0,71.3
29.521453136609544,65.86901666407218,1.0892214194410343,0.0,71.4
29.567770690320316,65.9576433204361,1.0892214194410343,0.0,71.5
29.614088244031095,66.04626997680003,1.0892214194410343,0.0,71.60000000000001
29.660405797741866,66.13489663316396,1.0892214194410343,0.0,71.7
29.706723351452638,66.22352328952789,1.0892214194410343,0.0,71.8
29.753040905163417,66.31214994589182,1.0892214194410343,0.0,71.9
29.799358458874188,66.40077660225575,1.0892214194410343,0.0,72.0
29.845676012584967,66.48940325861967,1.0892214194410343,0.0,72.10000000000001
29.89199356629574,66.5780299149836,1.0892214194410343,0.0,72.2
29.93831112000651,66.66665657134752,1.0892214194410343,0.0,72.3
29.984628673717282,66.75528322771146,1.0892214194410343,0.0,72.4
30.03094622742806,66.84390988407537,1.0892214194410343,0.0,72.5
30.077263781138832,66.93253654043932,1.0892214194410343,0.0,72.60000000000001
30.123581334849604,67.02116319680323,1.0892214194410343,0.0,72.7
30.169898888560375,67.10978985316714,1.0892214194410343,0.0,72.8
30.216216442271154,67.19841650953109,1.0892214194410343,0.0,72.9
30.262533995981926,67.287043165895,1.0892214194410343,0.0,73.0
30.308851549692704,67.37566982225894,1.0892214194410343,0.0,73.10000000000001
30.355169103403476,67.46429647862286,1.0892214194410343,0.0,73.2
30.401486657114248,67.55292313498677,1.0892214194410343,0.0,73.3
30.447804210825026,67.64154979135071,1.0892214194410343,0.0,73.4
30.494121764535798,67.73017644771463,1.0892214194410343,0.0,73.5
30.540439318246577,67.81880310407857,1.0892214194410343,0.0,73.60000000000001
30.58675687195735,67.90742976044248,1.0892214194410343,0.0,73.7
30.63307442566812,67.99605641680643,1.0892214194410343,0.0,73.8
30.6793919793789,68.08468307317034,1.0892214194410343,0.0,73.9
30.72570953308967,68.17330972953428,1.0892214194410343,0.0,74.0
30.77202708680045,68.2619363858982,1.0892214194410343,0.0,74.10000000000001
30.81834464051122,68.35056304226214,1.0892214194410343,0.0,74.2
30.864662194221992,68.43918969862605,1.0892214194410343,0.0,74.3
30.91097974793277,68.52781635499,1.0892214194410343,0.0,74.4
30.957297301643543,68.61644301135391,1.0892214194410343,0.0,74.5
31.00361485535432,68.70506966771785,1.0892214194410343,0.0,74.60000000000001
31.049932409065093,68.79369632408176,1.0892214194410343,0.0,74.7
31.096249962775865,68.88232298044568,1.0892214194410343,0.0,74.8
31.142567516486643,68.97094963680962,1.0892214194410343,0.0,74.9
31.188885070197415,69.05957629317354,1.0892214194410343,0.0,75.0
31.235202623908194,69.14820294953748,1.0892214194410343,0.0,75.10000000000001
31.281520177618965,69.23682960590139,1.0892214194410343,0.0,75.2
31.327837731329737,69.3254562622653,1.0892214194410343,0.0,75.3
31.374155285040516,69.41408291862925,1.0892214194410343,0.0,75.4
31.420472838751287,69.50270957499316,1.0892214194410343,0.0,75.5
31.466790392462066,69.5913362313571,1.0892214194410343,0.0,75.60000000000001
31.513107946172838,69.67996288772102,1.0892214194410343,0.0,75.7
31.55942549988361,69.76858954408496,1.0892214194410343,0.0,75.8
31.605743053594388,69.85721620044887,1.0892214194410343,0.0,75.9
31.65206060730516,69.94584285681279,1.0892214194410343,0.0,76.0
31.69837816101594,70.03446951317673,1.0892214194410343,0.0,76.10000000000001
31.74469571472671,70.12309616954064,1.0892214194410343,0.0,76.2
31.79101326843748,70.21172282590459,1.0892214194410343,0.0,76.3
31.83733082214826,70.3003494822685,1.0892214194410343,0.0,76.4
31.883648375859032,70.38897613863244,1.0892214194410343,0.0,76.5
31.92996592956981,70.47760279499636,1.0892214194410343,0.0,76.60000000000001
31.976283483280582,70.5662294513603,1.0892214194410343,0.0,76.7
32.02260103699136,70.65485610772421,1.0892214194410343,0.0,76.80000000000001
32.06891859070213,70.74348276408816,1.0892214194410343,0.0,76.9
32.115236144412904,70.83210942045207,1.0892214194410343,0.0,77.0
32.16155369812368,70.92073607681601,1.0892214194410343,0.0,77.10000000000001
32.207871251834455,71.00936273317993,1.0892214194410343,0.0,77.2
32.25418880554523,71.09798938954387,1.0892214194410343,0.0,77.30000000000001
32.300506359256005,71.18661604590778,1.0892214194410343,0.0,77.4
32.34682391296678,71.2752427022717,1.0892214194410343,0.0,77.5
32.393141466677555,71.36386935863564,1.0892214194410343,0.0,77.60000000000001
32.43945902038833,71.45249601499955,1.0892214194410343,0.0,77.7
32.485776574099106,71.5411226713635,1.0892214194410343,0.0,77.80000000000001
32.53209412780988,71.62974932772741,1.0892214194410343,0.0,77.9
32.57841168152065,71.71837598409132,1.0892214194410343,0.0,78.0
32.62472923523143,71.80700264045527,1.0892214194410343,0.0,78.10000000000001
32.6710467889422,71.89562929681918,1.0892214194410343,0.0,78.2
32.71736434265298,71.98425595318312,1.0892214194410343,0.0,78.30000000000001
32.76368189636375,72.07288260954704,1.0892214194410343,0.0,78.4
32.80999945007452,72.16150926591098,1.0892214194410343,0.0,78.5
32.8563170037853,72.2501359222749,1.0892214194410343,0.0,78.60000000000001
32.90263455749607,72.33876257863884,1.0892214194410343,0.0,78.7
32.94895211120685,72.42738923500275,1.0892214194410343,0.0,78.80000000000001
32.99526966491762,72.51601589136669,1.0892214194410343,0.0,78.9
33.04158721862839,72.6046425477306,1.0892214194410343,0.0,79.0
33.08790477233917,72.69326920409455,1.0892214194410343,0.0,79.10000000000001
33.134222326049944,72.78189586045846,1.0892214194410343,0.0,79.2
33.18053987976072,72.87052251682238,1.0892214194410343,0.0,79.30000000000001
33.226857433471494,72.95914917318632,1.0892214194410343,0.0,79.4
33.273174987182266,73.04777582955023,1.0892214194410343,0.0,79.5
33.319492540893044,73.13640248591418,1.0892214194410343,0.0,79.60000000000001
33.365810094603816,73.22502914227809,1.0892214194410343,0.0,79.7
33.412127648314595,73.31365579864203,1.0892214194410343,0.0,79.80000000000001
33.458445202025366,73.40228245500595,1.0892214194410343,0.0,79.9
33.50476275573614,73.49090911136986,1.0892214194410343,0.0,80.0
33.55108030944692,73.5795357677338,1.0892214194410343,0.0,80.10000000000001
33.59739786315769,73.66816242409772,1.0892214194410343,0.0,80.2
33.64371541686847,73.75678908046166,1.0892214194410343,0.0,80.30000000000001
33.69003297057924,73.84541573682557,1.0892214194410343,0.0,80.4
33.73635052429001,73.93404239318949,1.0892214194410343,0.0,80.5
33.78266807800079,74.02266904955343,1.0892214194410343,0.0,80.60000000000001
33.82898563171156,74.11129570591734,1.0892214194410343,0.0,80.7
33.87530318542233,74.19992236228128,1.0892214194410343,0.0,80.80000000000001
33.921620739133104,74.2885490186452,1.0892214194410343,0.0,80.9
33.96793829284388,74.37717567500914,1.0892214194410343,0.0,81.0
34.014255846554654,74.46580233137306,1.0892214194410343,0.0,81.10000000000001
34.060573400265426,74.554428987737,1.0892214194410343,0.0,81.2
34.106890953976205,74.64305564410091,1.0892214194410343,0.0,81.30000000000001
34.153208507686976,74.73168230046485,1.0892214194410343,0.0,81.4
34.19952606139775,74.82030895682877,1.0892214194410343,0.0,81.5
34.24584361510853,74.90893561319271,1.0892214194410343,0.0,81.60000000000001
34.2921611688193,74.99756226955662,1.0892214194410343,0.0,81.7
34.33847872253008,75.08618892592057,1.0892214194410343,0.0,81.80000000000001
34.38479627624085,75.17481558228448,1.0892214194410343,0.0,81.9
34.43111382995162,75.2634422386484,1.0892214194410343,0.0,82.0
34.4774313836624,75.35206889501234,1.0892214194410343,0.0,82.10000000000001
34.52374893737317,75.44069555137625,1.0892214194410343,0.0,82.2
34.57006649108395,75.5293222077402,1.0892214194410343,0.0,82.30000000000001
34.61638404479472,75.61794886410411,1.0892214194410343,0.0,82.4
34.66270159850549,75.70657552046802,1.0892214194410343,0.0,82.5
34.70901915221627,75.79520217683196,1.0892214194410343,0.0,82.60000000000001
34.75533670592704,75.88382883319588,1.0892214194410343,0.0,82.7
34.80165425963782,75.97245548955982,1.0892214194410343,0.0,82.80000000000001
34.84797181334859,76.06108214592373,1.0892214194410343,0.0,82.9
34.894289367059365,76.14970880228768,1.0892214194410343,0.0,83.0
34.94060692077014,76.23833545865159,1.0892214194410343,0.0,83.10000000000001
34.986924474480915,76.32696211501553,1.0892214194410343,0.0,83.2
35.033242028191694,76.41558877137945,1.0892214194410343,0.0,83.30000000000001
35.079559581902465,76.50421542774339,1.0892214194410343,0.0,83.4
35.12587713561324,76.5928420841073,1.0892214194410343,0.0,83.5
35.172194689324016,76.68146874047122,1.0892214194410343,0.0,83.60000000000001
35.21851224303479,76.77009539683516,1.0892214194410343,0.0,83.7
35.264829796745566,76.85872205319907,1.0892214194410343,0.0,83.80000000000001
35.31114735045634,76.94734870956302,1.0892214194410343,0.0,83.9
35.35746490416711,77.03597536592693,1.0892214194410343,0.0,84.0
35.40378245787789,77.12460202229087,1.0892214194410343,0.0,84.10000000000001
35.45010001158866,77.21322867865479,1.0892214194410343,0.0,84.2
35.49641756529944,77.30185533501873,1.0892214194410343,0.0,84.30000000000001
35.54273511901021,77.39048199138264,1.0892214194410343,0.0,84.4
35.58905267272098,77.47910864774656,1.0892214194410343,0.0,84.5
35.63537022643176,77.5677353041105,1.0892214194410343,0.0,84.60000000000001
35.68168778014253,77.65636196047441,1.0892214194410343,0.0,84.7
35.72800533385331,77.74498861683836,1.0892214194410343,0.0,84.80000000000001
35.77432288756408,77.83361527320227,1.0892214194410343,0.0,84.9
35.820640441274854,77.92224192956618,1.0892214194410343,0.0,85.0
35.86695799498563,78.01086858593013,1.0892214194410343,0.0,85.10000000000001
35.913275548696404,78.09949524229404,1.0892214194410343,0.0,85.2
35.95959310240718,78.18812189865798,1.0892214194410343,0.0,85.30000000000001
36.005910656117955,78.2767485550219,1.0892214194410343,0.0,85.4
36.052228209828726,78.36537521138584,1.0892214194410343,0.0,85.5
36.098545763539505,78.45400186774975,1.0892214194410343,0.0,85.60000000000001
36.14486331725028,78.5426285241137,1.0892214194410343,0.0,85.7
36.191180870961055,78.63125518047761,1.0892214194410343,0.0,85.80000000000001
36.23749842467183,78.71988183684155,1.0892214194410343,0.0,85.9
36.2838159783826,78.80850849320547,1.0892214194410343,0.0,86.0
36.33013353209338,78.89713514956941,1.0892214194410343,0.0,86.10000000000001
36.37645108580415,78.98576180593332,1.0892214194410343,0.0,86.2
36.42276863951493,79.07438846229726,1.0892214194410343,0.0,86.30000000000001
36.4690861932257,79.16301511866118,1.0892214194410343,0.0,86.4
36.51540374693647,79.25164177502509,1.0892214194410343,0.0,86.5
36.56172130064725,79.34026843138903,1.0892214194410343,0.0,86.60000000000001
36.60803885435802,79.42889508775295,1.0892214194410343,0.0,86.7
36.6543564080688,79.51752174411689,1.0892214194410343,0.0,86.80000000000001
36.70067396177957,79.6061484004808,1.0892214194410343,0.0,86.9
36.74699151549034,79.69477505684472,1.0892214194410343,0.0,87.0
36.79330906920112,79.78340171320866,1.0892214194410343,0.0,87.10000000000001
36.839626622911894,79.87202836957258,1.0892214194410343,0.0,87.2
36.88594417662267,79.96065502593652,1.0892214194410343,0.0,87.30000000000001
36.932261730333444,80.04928168230043,1.0892214194410343,0.0,87.4
36.978579284044216,80.13790833866437,1.0892214194410343,0.0,87.5
37.024896837754994,80.22653499502829,1.0892214194410343,0.0,87.60000000000001
37.071214391465766,80.31516165139223,1.0892214194410343,0.0,87.7
37.117531945176545,80.40378830775614,1.0892214194410343,0.0,87.80000000000001
37.163849498887316,80.49241496412006,1.0892214194410343,0.0,87.9
37.21016705259809,80.581041620484,1.0892214194410343,0.0,88.0
37.25648460630887,80.66966827684791,1.0892214194410343,0.0,88.10000000000001
37.30280216001964,80.75829493321186,1.0892214194410343,0.0,88.2
37.34911971373042,80.84692158957577,1.0892214194410343,0.0,88.30000000000001
37.39543726744119,80.93554824593971,1.0892214194410343,0.0,88.4
37.44175482115196,81.02417490230363,1.0892214194410343,0.0,88.5
37.48807237486274,81.11280155866757,1.0892214194410343,0.0,88.60000000000001
37.53438992857351,81.20142821503148,1.0892214194410343,0.0,88.7
37.58070748228429,81.29005487139543,1.0892214194410343,0.0,88.80000000000001
37.62702503599506,81.37868152775934,1.0892214194410343,0.0,88.9
37.67334258970583,81.46730818412325,1.0892214194410343,0.0,89.0
37.71966014341661,81.5559348404872,1.0892214194410343,0.0,89.10000000000001
37.76597769712738,81.64456149685111,1.0892214194410343,0.0,89.2
37.812295250838154,81.73318815321505,1.0892214194410343,0.0,89.30000000000001
37.858612804548926,81.82181480957897,1.0892214194410343,0.0,89.4
37.904930358259705,81.91044146594288,1.0892214194410343,0.0,89.5
37.951247911970476,81.99906812230682,1.0892214194410343,0.0,89.60000000000001
37.99756546568125,82.08769477867074,1.0892214194410343,0.0,89.7
38.04388301939203,82.17632143503468,1.0892214194410343,0.0,89.80000000000001
38.0902005731028,82.2649480913986,1.0892214194410343,0.0,89.9
38.13651812681357,82.35357474776254,1.0892214194410343,0.0,90.0
38.18283568052435,82.44220140412645,1.0892214194410343,0.0,90.10000000000001
38.22915323423512,82.53082806049039,1.0892214194410343,0.0,90.2
38.2754707879459,82.6194547168543,1.0892214194410343,0.0,90.30000000000001
38.32178834165667,82.70808137321825,1.0892214194410343,0.0,90.4
38.36810589536744,82.79670802958216,1.0892214194410343,0.0,90.5
38.41442344907822,82.8853346859461,1.0892214194410343,0.0,90.60000000000001
38.46074100278899,82.97396134231002,1.0892214194410343,0.0,90.7
38.50705855649977,83.06258799867396,1.0892214194410343,0.0,90.80000000000001
38.55337611021054,83.15121465503788,1.0892214194410343,0.0,90.9
